timestamp,trace_id,service,duration_ms,status_code
2026-03-01T10:00:00Z,trc-0000-fro,frontend,58.16,200
2026-03-01T10:00:00Z,trc-0000-api,api_gateway,59.75,200
2026-03-01T10:00:00Z,trc-0000-ord,order_service,34.34,200
2026-03-01T10:00:00Z,trc-0000-inv,inventory_service,54.26,200
2026-03-01T10:00:00Z,trc-0000-pay,payment_service,30.45,200
2026-03-01T10:00:00Z,trc-0000-dat,database,31.34,200
2026-03-01T10:00:00Z,trc-0000-cac,cache,59.16,200
2026-03-01T10:01:00Z,trc-0001-fro,frontend,38.14,200
2026-03-01T10:01:00Z,trc-0001-api,api_gateway,77.43,200
2026-03-01T10:01:00Z,trc-0001-ord,order_service,27.68,200
2026-03-01T10:01:00Z,trc-0001-inv,inventory_service,66.86,200
2026-03-01T10:01:00Z,trc-0001-pay,payment_service,25.71,200
2026-03-01T10:01:00Z,trc-0001-dat,database,56.08,200
2026-03-01T10:01:00Z,trc-0001-cac,cache,63.79,200
2026-03-01T10:02:00Z,trc-0002-fro,frontend,61.2,200
2026-03-01T10:02:00Z,trc-0002-api,api_gateway,62.98,200
2026-03-01T10:02:00Z,trc-0002-ord,order_service,27.64,200
2026-03-01T10:02:00Z,trc-0002-inv,inventory_service,72.93,200
2026-03-01T10:02:00Z,trc-0002-pay,payment_service,42.57,200
2026-03-01T10:02:00Z,trc-0002-dat,database,65.58,200
2026-03-01T10:02:00Z,trc-0002-cac,cache,40.17,200
2026-03-01T10:03:00Z,trc-0003-fro,frontend,22.57,200
2026-03-01T10:03:00Z,trc-0003-api,api_gateway,74.18,200
2026-03-01T10:03:00Z,trc-0003-ord,order_service,71.13,200
2026-03-01T10:03:00Z,trc-0003-inv,inventory_service,53.26,200
2026-03-01T10:03:00Z,trc-0003-pay,payment_service,29.67,200
2026-03-01T10:03:00Z,trc-0003-dat,database,38.2,200
2026-03-01T10:03:00Z,trc-0003-cac,cache,26.38,200
2026-03-01T10:04:00Z,trc-0004-fro,frontend,56.14,200
2026-03-01T10:04:00Z,trc-0004-api,api_gateway,55.92,200
2026-03-01T10:04:00Z,trc-0004-ord,order_service,72.83,200
2026-03-01T10:04:00Z,trc-0004-inv,inventory_service,55.45,200
2026-03-01T10:04:00Z,trc-0004-pay,payment_service,45.92,200
2026-03-01T10:04:00Z,trc-0004-dat,database,61.09,200
2026-03-01T10:04:00Z,trc-0004-cac,cache,26.68,200
2026-03-01T10:05:00Z,trc-0005-fro,frontend,54.97,200
2026-03-01T10:05:00Z,trc-0005-api,api_gateway,58.16,200
2026-03-01T10:05:00Z,trc-0005-ord,order_service,37.19,200
2026-03-01T10:05:00Z,trc-0005-inv,inventory_service,64.67,200
2026-03-01T10:05:00Z,trc-0005-pay,payment_service,35.81,200
2026-03-01T10:05:00Z,trc-0005-dat,database,75.03,200
2026-03-01T10:05:00Z,trc-0005-cac,cache,72.03,200
2026-03-01T10:06:00Z,trc-0006-fro,frontend,35.43,200
2026-03-01T10:06:00Z,trc-0006-api,api_gateway,55.93,200
2026-03-01T10:06:00Z,trc-0006-ord,order_service,57.79,200
2026-03-01T10:06:00Z,trc-0006-inv,inventory_service,68.37,200
2026-03-01T10:06:00Z,trc-0006-pay,payment_service,58.48,200
2026-03-01T10:06:00Z,trc-0006-dat,database,54.34,200
2026-03-01T10:06:00Z,trc-0006-cac,cache,25.13,200
2026-03-01T10:07:00Z,trc-0007-fro,frontend,59.35,200
2026-03-01T10:07:00Z,trc-0007-api,api_gateway,56.79,200
2026-03-01T10:07:00Z,trc-0007-ord,order_service,60.54,200
2026-03-01T10:07:00Z,trc-0007-inv,inventory_service,63.53,200
2026-03-01T10:07:00Z,trc-0007-pay,payment_service,50.26,200
2026-03-01T10:07:00Z,trc-0007-dat,database,50.2,200
2026-03-01T10:07:00Z,trc-0007-cac,cache,21.13,200
2026-03-01T10:08:00Z,trc-0008-fro,frontend,48.44,200
2026-03-01T10:08:00Z,trc-0008-api,api_gateway,40.38,200
2026-03-01T10:08:00Z,trc-0008-ord,order_service,46.79,200
2026-03-01T10:08:00Z,trc-0008-inv,inventory_service,27.08,200
2026-03-01T10:08:00Z,trc-0008-pay,payment_service,46.77,200
2026-03-01T10:08:00Z,trc-0008-dat,database,29.97,200
2026-03-01T10:08:00Z,trc-0008-cac,cache,23.79,200
2026-03-01T10:09:00Z,trc-0009-fro,frontend,34.68,200
2026-03-01T10:09:00Z,trc-0009-api,api_gateway,42.17,200
2026-03-01T10:09:00Z,trc-0009-ord,order_service,47.91,200
2026-03-01T10:09:00Z,trc-0009-inv,inventory_service,66.57,200
2026-03-01T10:09:00Z,trc-0009-pay,payment_service,36.11,200
2026-03-01T10:09:00Z,trc-0009-dat,database,41.7,200
2026-03-01T10:09:00Z,trc-0009-cac,cache,42.18,200
2026-03-01T10:10:00Z,trc-0010-fro,frontend,30.06,200
2026-03-01T10:10:00Z,trc-0010-api,api_gateway,45.16,200
2026-03-01T10:10:00Z,trc-0010-ord,order_service,32.42,200
2026-03-01T10:10:00Z,trc-0010-inv,inventory_service,27.95,200
2026-03-01T10:10:00Z,trc-0010-pay,payment_service,70.14,200
2026-03-01T10:10:00Z,trc-0010-dat,database,46.14,200
2026-03-01T10:10:00Z,trc-0010-cac,cache,29.31,200
2026-03-01T10:11:00Z,trc-0011-fro,frontend,76.79,200
2026-03-01T10:11:00Z,trc-0011-api,api_gateway,29.52,200
2026-03-01T10:11:00Z,trc-0011-ord,order_service,28.92,200
2026-03-01T10:11:00Z,trc-0011-inv,inventory_service,51.74,200
2026-03-01T10:11:00Z,trc-0011-pay,payment_service,73.72,200
2026-03-01T10:11:00Z,trc-0011-dat,database,43.96,200
2026-03-01T10:11:00Z,trc-0011-cac,cache,63.05,200
2026-03-01T10:12:00Z,trc-0012-fro,frontend,72.8,200
2026-03-01T10:12:00Z,trc-0012-api,api_gateway,66.9,200
2026-03-01T10:12:00Z,trc-0012-ord,order_service,73.17,200
2026-03-01T10:12:00Z,trc-0012-inv,inventory_service,64.65,200
2026-03-01T10:12:00Z,trc-0012-pay,payment_service,66.2,200
2026-03-01T10:12:00Z,trc-0012-dat,database,63.77,200
2026-03-01T10:12:00Z,trc-0012-cac,cache,35.01,200
2026-03-01T10:13:00Z,trc-0013-fro,frontend,54.54,200
2026-03-01T10:13:00Z,trc-0013-api,api_gateway,64.12,200
2026-03-01T10:13:00Z,trc-0013-ord,order_service,55.35,200
2026-03-01T10:13:00Z,trc-0013-inv,inventory_service,43.09,200
2026-03-01T10:13:00Z,trc-0013-pay,payment_service,49.32,200
2026-03-01T10:13:00Z,trc-0013-dat,database,54.41,200
2026-03-01T10:13:00Z,trc-0013-cac,cache,52.96,200
2026-03-01T10:14:00Z,trc-0014-fro,frontend,30.4,200
2026-03-01T10:14:00Z,trc-0014-api,api_gateway,53.79,200
2026-03-01T10:14:00Z,trc-0014-ord,order_service,33.46,200
2026-03-01T10:14:00Z,trc-0014-inv,inventory_service,53.16,200
2026-03-01T10:14:00Z,trc-0014-pay,payment_service,66.45,200
2026-03-01T10:14:00Z,trc-0014-dat,database,34.07,200
2026-03-01T10:14:00Z,trc-0014-cac,cache,45.65,200
2026-03-01T10:15:00Z,trc-0015-fro,frontend,50.06,200
2026-03-01T10:15:00Z,trc-0015-api,api_gateway,36.68,200
2026-03-01T10:15:00Z,trc-0015-ord,order_service,32.78,200
2026-03-01T10:15:00Z,trc-0015-inv,inventory_service,31.8,200
2026-03-01T10:15:00Z,trc-0015-pay,payment_service,39.9,200
2026-03-01T10:15:00Z,trc-0015-dat,database,51.82,200
2026-03-01T10:15:00Z,trc-0015-cac,cache,38.3,200
2026-03-01T10:16:00Z,trc-0016-fro,frontend,44.5,200
2026-03-01T10:16:00Z,trc-0016-api,api_gateway,67.54,200
2026-03-01T10:16:00Z,trc-0016-ord,order_service,50.45,200
2026-03-01T10:16:00Z,trc-0016-inv,inventory_service,51.49,200
2026-03-01T10:16:00Z,trc-0016-pay,payment_service,28.24,200
2026-03-01T10:16:00Z,trc-0016-dat,database,31.27,200
2026-03-01T10:16:00Z,trc-0016-cac,cache,62.13,200
2026-03-01T10:17:00Z,trc-0017-fro,frontend,68.84,200
2026-03-01T10:17:00Z,trc-0017-api,api_gateway,31.74,200
2026-03-01T10:17:00Z,trc-0017-ord,order_service,38.23,200
2026-03-01T10:17:00Z,trc-0017-inv,inventory_service,46.11,200
2026-03-01T10:17:00Z,trc-0017-pay,payment_service,48.16,200
2026-03-01T10:17:00Z,trc-0017-dat,database,45.44,200
2026-03-01T10:17:00Z,trc-0017-cac,cache,59.33,200
2026-03-01T10:18:00Z,trc-0018-fro,frontend,67.81,200
2026-03-01T10:18:00Z,trc-0018-api,api_gateway,30.44,200
2026-03-01T10:18:00Z,trc-0018-ord,order_service,29.5,200
2026-03-01T10:18:00Z,trc-0018-inv,inventory_service,37.87,200
2026-03-01T10:18:00Z,trc-0018-pay,payment_service,41.67,200
2026-03-01T10:18:00Z,trc-0018-dat,database,48.96,200
2026-03-01T10:18:00Z,trc-0018-cac,cache,26.56,200
2026-03-01T10:19:00Z,trc-0019-fro,frontend,61.43,200
2026-03-01T10:19:00Z,trc-0019-api,api_gateway,67.85,200
2026-03-01T10:19:00Z,trc-0019-ord,order_service,31.42,200
2026-03-01T10:19:00Z,trc-0019-inv,inventory_service,22.78,200
2026-03-01T10:19:00Z,trc-0019-pay,payment_service,50.34,200
2026-03-01T10:19:00Z,trc-0019-dat,database,32.99,200
2026-03-01T10:19:00Z,trc-0019-cac,cache,72.06,200
2026-03-01T10:20:00Z,trc-0020-fro,frontend,33.05,200
2026-03-01T10:20:00Z,trc-0020-api,api_gateway,52.61,200
2026-03-01T10:20:00Z,trc-0020-ord,order_service,34.98,200
2026-03-01T10:20:00Z,trc-0020-inv,inventory_service,63.18,200
2026-03-01T10:20:00Z,trc-0020-pay,payment_service,37.22,200
2026-03-01T10:20:00Z,trc-0020-dat,database,53.76,200
2026-03-01T10:20:00Z,trc-0020-cac,cache,28.07,200
2026-03-01T10:21:00Z,trc-0021-fro,frontend,62.38,200
2026-03-01T10:21:00Z,trc-0021-api,api_gateway,60.09,200
2026-03-01T10:21:00Z,trc-0021-ord,order_service,35.51,200
2026-03-01T10:21:00Z,trc-0021-inv,inventory_service,38.0,200
2026-03-01T10:21:00Z,trc-0021-pay,payment_service,35.65,200
2026-03-01T10:21:00Z,trc-0021-dat,database,57.09,200
2026-03-01T10:21:00Z,trc-0021-cac,cache,71.42,200
2026-03-01T10:22:00Z,trc-0022-fro,frontend,36.01,200
2026-03-01T10:22:00Z,trc-0022-api,api_gateway,71.94,200
2026-03-01T10:22:00Z,trc-0022-ord,order_service,31.43,200
2026-03-01T10:22:00Z,trc-0022-inv,inventory_service,39.32,200
2026-03-01T10:22:00Z,trc-0022-pay,payment_service,59.17,200
2026-03-01T10:22:00Z,trc-0022-dat,database,53.33,200
2026-03-01T10:22:00Z,trc-0022-cac,cache,35.82,200
2026-03-01T10:23:00Z,trc-0023-fro,frontend,57.69,200
2026-03-01T10:23:00Z,trc-0023-api,api_gateway,22.07,200
2026-03-01T10:23:00Z,trc-0023-ord,order_service,37.46,200
2026-03-01T10:23:00Z,trc-0023-inv,inventory_service,62.61,200
2026-03-01T10:23:00Z,trc-0023-pay,payment_service,34.52,200
2026-03-01T10:23:00Z,trc-0023-dat,database,72.93,200
2026-03-01T10:23:00Z,trc-0023-cac,cache,68.82,200
2026-03-01T10:24:00Z,trc-0024-fro,frontend,31.45,200
2026-03-01T10:24:00Z,trc-0024-api,api_gateway,29.37,200
2026-03-01T10:24:00Z,trc-0024-ord,order_service,70.96,200
2026-03-01T10:24:00Z,trc-0024-inv,inventory_service,41.92,200
2026-03-01T10:24:00Z,trc-0024-pay,payment_service,31.1,200
2026-03-01T10:24:00Z,trc-0024-dat,database,53.23,200
2026-03-01T10:24:00Z,trc-0024-cac,cache,31.86,200
2026-03-01T10:25:00Z,trc-0025-fro,frontend,70.46,200
2026-03-01T10:25:00Z,trc-0025-api,api_gateway,53.83,200
2026-03-01T10:25:00Z,trc-0025-ord,order_service,42.17,200
2026-03-01T10:25:00Z,trc-0025-inv,inventory_service,34.99,200
2026-03-01T10:25:00Z,trc-0025-pay,payment_service,48.72,200
2026-03-01T10:25:00Z,trc-0025-dat,database,45.55,200
2026-03-01T10:25:00Z,trc-0025-cac,cache,76.05,200
2026-03-01T10:26:00Z,trc-0026-fro,frontend,33.4,200
2026-03-01T10:26:00Z,trc-0026-api,api_gateway,32.17,200
2026-03-01T10:26:00Z,trc-0026-ord,order_service,41.35,200
2026-03-01T10:26:00Z,trc-0026-inv,inventory_service,36.99,200
2026-03-01T10:26:00Z,trc-0026-pay,payment_service,42.84,200
2026-03-01T10:26:00Z,trc-0026-dat,database,56.85,200
2026-03-01T10:26:00Z,trc-0026-cac,cache,58.37,200
2026-03-01T10:27:00Z,trc-0027-fro,frontend,68.48,200
2026-03-01T10:27:00Z,trc-0027-api,api_gateway,62.69,200
2026-03-01T10:27:00Z,trc-0027-ord,order_service,70.9,200
2026-03-01T10:27:00Z,trc-0027-inv,inventory_service,59.74,200
2026-03-01T10:27:00Z,trc-0027-pay,payment_service,68.73,200
2026-03-01T10:27:00Z,trc-0027-dat,database,64.48,200
2026-03-01T10:27:00Z,trc-0027-cac,cache,56.99,200
2026-03-01T10:28:00Z,trc-0028-fro,frontend,61.47,200
2026-03-01T10:28:00Z,trc-0028-api,api_gateway,25.8,200
2026-03-01T10:28:00Z,trc-0028-ord,order_service,29.58,200
2026-03-01T10:28:00Z,trc-0028-inv,inventory_service,69.98,200
2026-03-01T10:28:00Z,trc-0028-pay,payment_service,28.81,200
2026-03-01T10:28:00Z,trc-0028-dat,database,38.2,200
2026-03-01T10:28:00Z,trc-0028-cac,cache,61.49,200
2026-03-01T10:29:00Z,trc-0029-fro,frontend,76.98,200
2026-03-01T10:29:00Z,trc-0029-api,api_gateway,43.97,200
2026-03-01T10:29:00Z,trc-0029-ord,order_service,34.34,200
2026-03-01T10:29:00Z,trc-0029-inv,inventory_service,76.18,200
2026-03-01T10:29:00Z,trc-0029-pay,payment_service,58.38,200
2026-03-01T10:29:00Z,trc-0029-dat,database,61.08,200
2026-03-01T10:29:00Z,trc-0029-cac,cache,35.85,200
2026-03-01T10:30:00Z,trc-0030-fro,frontend,36.24,200
2026-03-01T10:30:00Z,trc-0030-api,api_gateway,58.6,200
2026-03-01T10:30:00Z,trc-0030-ord,order_service,53.89,200
2026-03-01T10:30:00Z,trc-0030-inv,inventory_service,51.01,200
2026-03-01T10:30:00Z,trc-0030-pay,payment_service,25.18,200
2026-03-01T10:30:00Z,trc-0030-dat,database,50.38,200
2026-03-01T10:30:00Z,trc-0030-cac,cache,61.18,200
2026-03-01T10:31:00Z,trc-0031-fro,frontend,63.47,200
2026-03-01T10:31:00Z,trc-0031-api,api_gateway,32.18,200
2026-03-01T10:31:00Z,trc-0031-ord,order_service,46.92,200
2026-03-01T10:31:00Z,trc-0031-inv,inventory_service,66.96,200
2026-03-01T10:31:00Z,trc-0031-pay,payment_service,60.13,200
2026-03-01T10:31:00Z,trc-0031-dat,database,75.54,200
2026-03-01T10:31:00Z,trc-0031-cac,cache,40.16,200
2026-03-01T10:32:00Z,trc-0032-fro,frontend,37.7,200
2026-03-01T10:32:00Z,trc-0032-api,api_gateway,50.67,200
2026-03-01T10:32:00Z,trc-0032-ord,order_service,35.95,200
2026-03-01T10:32:00Z,trc-0032-inv,inventory_service,65.75,200
2026-03-01T10:32:00Z,trc-0032-pay,payment_service,73.49,200
2026-03-01T10:32:00Z,trc-0032-dat,database,48.19,200
2026-03-01T10:32:00Z,trc-0032-cac,cache,71.72,200
2026-03-01T10:33:00Z,trc-0033-fro,frontend,69.23,200
2026-03-01T10:33:00Z,trc-0033-api,api_gateway,39.34,200
2026-03-01T10:33:00Z,trc-0033-ord,order_service,35.72,200
2026-03-01T10:33:00Z,trc-0033-inv,inventory_service,70.89,200
2026-03-01T10:33:00Z,trc-0033-pay,payment_service,42.85,200
2026-03-01T10:33:00Z,trc-0033-dat,database,47.68,200
2026-03-01T10:33:00Z,trc-0033-cac,cache,78.85,200
2026-03-01T10:34:00Z,trc-0034-fro,frontend,49.41,200
2026-03-01T10:34:00Z,trc-0034-api,api_gateway,42.13,200
2026-03-01T10:34:00Z,trc-0034-ord,order_service,55.4,200
2026-03-01T10:34:00Z,trc-0034-inv,inventory_service,73.41,200
2026-03-01T10:34:00Z,trc-0034-pay,payment_service,28.28,200
2026-03-01T10:34:00Z,trc-0034-dat,database,46.27,200
2026-03-01T10:34:00Z,trc-0034-cac,cache,76.68,200
2026-03-01T10:35:00Z,trc-0035-fro,frontend,70.6,200
2026-03-01T10:35:00Z,trc-0035-api,api_gateway,61.09,200
2026-03-01T10:35:00Z,trc-0035-ord,order_service,43.18,200
2026-03-01T10:35:00Z,trc-0035-inv,inventory_service,32.61,200
2026-03-01T10:35:00Z,trc-0035-pay,payment_service,59.61,200
2026-03-01T10:35:00Z,trc-0035-dat,database,25.27,200
2026-03-01T10:35:00Z,trc-0035-cac,cache,57.58,200
2026-03-01T10:36:00Z,trc-0036-fro,frontend,38.77,200
2026-03-01T10:36:00Z,trc-0036-api,api_gateway,24.03,200
2026-03-01T10:36:00Z,trc-0036-ord,order_service,39.64,200
2026-03-01T10:36:00Z,trc-0036-inv,inventory_service,57.03,200
2026-03-01T10:36:00Z,trc-0036-pay,payment_service,30.14,200
2026-03-01T10:36:00Z,trc-0036-dat,database,73.65,200
2026-03-01T10:36:00Z,trc-0036-cac,cache,76.41,200
2026-03-01T10:37:00Z,trc-0037-fro,frontend,59.55,200
2026-03-01T10:37:00Z,trc-0037-api,api_gateway,63.26,200
2026-03-01T10:37:00Z,trc-0037-ord,order_service,52.87,200
2026-03-01T10:37:00Z,trc-0037-inv,inventory_service,37.26,200
2026-03-01T10:37:00Z,trc-0037-pay,payment_service,36.57,200
2026-03-01T10:37:00Z,trc-0037-dat,database,61.93,200
2026-03-01T10:37:00Z,trc-0037-cac,cache,32.2,200
2026-03-01T10:38:00Z,trc-0038-fro,frontend,27.52,200
2026-03-01T10:38:00Z,trc-0038-api,api_gateway,31.47,200
2026-03-01T10:38:00Z,trc-0038-ord,order_service,67.25,200
2026-03-01T10:38:00Z,trc-0038-inv,inventory_service,77.01,200
2026-03-01T10:38:00Z,trc-0038-pay,payment_service,55.01,200
2026-03-01T10:38:00Z,trc-0038-dat,database,28.31,200
2026-03-01T10:38:00Z,trc-0038-cac,cache,67.88,200
2026-03-01T10:39:00Z,trc-0039-fro,frontend,53.23,200
2026-03-01T10:39:00Z,trc-0039-api,api_gateway,33.47,200
2026-03-01T10:39:00Z,trc-0039-ord,order_service,42.53,200
2026-03-01T10:39:00Z,trc-0039-inv,inventory_service,45.01,200
2026-03-01T10:39:00Z,trc-0039-pay,payment_service,78.91,200
2026-03-01T10:39:00Z,trc-0039-dat,database,47.09,200
2026-03-01T10:39:00Z,trc-0039-cac,cache,31.0,200
2026-03-01T10:40:00Z,trc-0040-fro,frontend,60.67,200
2026-03-01T10:40:00Z,trc-0040-api,api_gateway,55.34,200
2026-03-01T10:40:00Z,trc-0040-ord,order_service,39.73,200
2026-03-01T10:40:00Z,trc-0040-inv,inventory_service,73.35,200
2026-03-01T10:40:00Z,trc-0040-pay,payment_service,58.54,200
2026-03-01T10:40:00Z,trc-0040-dat,database,2183.68,500
2026-03-01T10:40:00Z,trc-0040-cac,cache,35.79,200
2026-03-01T10:41:00Z,trc-0041-fro,frontend,66.94,200
2026-03-01T10:41:00Z,trc-0041-api,api_gateway,28.48,200
2026-03-01T10:41:00Z,trc-0041-ord,order_service,61.49,200
2026-03-01T10:41:00Z,trc-0041-inv,inventory_service,22.33,200
2026-03-01T10:41:00Z,trc-0041-pay,payment_service,28.62,200
2026-03-01T10:41:00Z,trc-0041-dat,database,1350.05,500
2026-03-01T10:41:00Z,trc-0041-cac,cache,46.64,200
2026-03-01T10:42:00Z,trc-0042-fro,frontend,63.72,200
2026-03-01T10:42:00Z,trc-0042-api,api_gateway,28.29,200
2026-03-01T10:42:00Z,trc-0042-ord,order_service,1465.19,504
2026-03-01T10:42:00Z,trc-0042-inv,inventory_service,1378.38,504
2026-03-01T10:42:00Z,trc-0042-pay,payment_service,45.41,200
2026-03-01T10:42:00Z,trc-0042-dat,database,1282.17,500
2026-03-01T10:42:00Z,trc-0042-cac,cache,52.45,200
2026-03-01T10:43:00Z,trc-0043-fro,frontend,2278.59,504
2026-03-01T10:43:00Z,trc-0043-api,api_gateway,1540.91,504
2026-03-01T10:43:00Z,trc-0043-ord,order_service,2337.38,504
2026-03-01T10:43:00Z,trc-0043-inv,inventory_service,2247.51,504
2026-03-01T10:43:00Z,trc-0043-pay,payment_service,65.04,200
2026-03-01T10:43:00Z,trc-0043-dat,database,1331.73,500
2026-03-01T10:43:00Z,trc-0043-cac,cache,50.72,200
2026-03-01T10:44:00Z,trc-0044-fro,frontend,2099.92,504
2026-03-01T10:44:00Z,trc-0044-api,api_gateway,1509.1,504
2026-03-01T10:44:00Z,trc-0044-ord,order_service,1690.92,504
2026-03-01T10:44:00Z,trc-0044-inv,inventory_service,2353.88,504
2026-03-01T10:44:00Z,trc-0044-pay,payment_service,38.96,200
2026-03-01T10:44:00Z,trc-0044-dat,database,1819.59,500
2026-03-01T10:44:00Z,trc-0044-cac,cache,50.06,200
2026-03-01T10:45:00Z,trc-0045-fro,frontend,1696.8,504
2026-03-01T10:45:00Z,trc-0045-api,api_gateway,2267.48,504
2026-03-01T10:45:00Z,trc-0045-ord,order_service,1958.05,504
2026-03-01T10:45:00Z,trc-0045-inv,inventory_service,1430.17,504
2026-03-01T10:45:00Z,trc-0045-pay,payment_service,52.22,200
2026-03-01T10:45:00Z,trc-0045-dat,database,1459.3,500
2026-03-01T10:45:00Z,trc-0045-cac,cache,34.13,200
2026-03-01T10:46:00Z,trc-0046-fro,frontend,2242.06,504
2026-03-01T10:46:00Z,trc-0046-api,api_gateway,1462.76,504
2026-03-01T10:46:00Z,trc-0046-ord,order_service,1794.71,504
2026-03-01T10:46:00Z,trc-0046-inv,inventory_service,1885.66,504
2026-03-01T10:46:00Z,trc-0046-pay,payment_service,26.69,200
2026-03-01T10:46:00Z,trc-0046-dat,database,1398.1,500
2026-03-01T10:46:00Z,trc-0046-cac,cache,51.94,200
2026-03-01T10:47:00Z,trc-0047-fro,frontend,2346.15,504
2026-03-01T10:47:00Z,trc-0047-api,api_gateway,1582.35,504
2026-03-01T10:47:00Z,trc-0047-ord,order_service,1368.5,504
2026-03-01T10:47:00Z,trc-0047-inv,inventory_service,1481.18,504
2026-03-01T10:47:00Z,trc-0047-pay,payment_service,38.95,200
2026-03-01T10:47:00Z,trc-0047-dat,database,1738.7,500
2026-03-01T10:47:00Z,trc-0047-cac,cache,70.75,200
2026-03-01T10:48:00Z,trc-0048-fro,frontend,2277.71,504
2026-03-01T10:48:00Z,trc-0048-api,api_gateway,2342.9,504
2026-03-01T10:48:00Z,trc-0048-ord,order_service,2019.72,504
2026-03-01T10:48:00Z,trc-0048-inv,inventory_service,2363.84,504
2026-03-01T10:48:00Z,trc-0048-pay,payment_service,56.01,200
2026-03-01T10:48:00Z,trc-0048-dat,database,1387.41,500
2026-03-01T10:48:00Z,trc-0048-cac,cache,63.73,200
2026-03-01T10:49:00Z,trc-0049-fro,frontend,2183.22,504
2026-03-01T10:49:00Z,trc-0049-api,api_gateway,2116.26,504
2026-03-01T10:49:00Z,trc-0049-ord,order_service,2043.8,504
2026-03-01T10:49:00Z,trc-0049-inv,inventory_service,1607.2,504
2026-03-01T10:49:00Z,trc-0049-pay,payment_service,38.3,200
2026-03-01T10:49:00Z,trc-0049-dat,database,1870.73,500
2026-03-01T10:49:00Z,trc-0049-cac,cache,46.82,200
2026-03-01T10:50:00Z,trc-0050-fro,frontend,1708.04,504
2026-03-01T10:50:00Z,trc-0050-api,api_gateway,2199.34,504
2026-03-01T10:50:00Z,trc-0050-ord,order_service,1406.19,504
2026-03-01T10:50:00Z,trc-0050-inv,inventory_service,2117.51,504
2026-03-01T10:50:00Z,trc-0050-pay,payment_service,55.24,200
2026-03-01T10:50:00Z,trc-0050-dat,database,1263.64,500
2026-03-01T10:50:00Z,trc-0050-cac,cache,32.99,200
2026-03-01T10:51:00Z,trc-0051-fro,frontend,2251.27,504
2026-03-01T10:51:00Z,trc-0051-api,api_gateway,1661.18,504
2026-03-01T10:51:00Z,trc-0051-ord,order_service,2117.95,504
2026-03-01T10:51:00Z,trc-0051-inv,inventory_service,1454.03,504
2026-03-01T10:51:00Z,trc-0051-pay,payment_service,46.91,200
2026-03-01T10:51:00Z,trc-0051-dat,database,2002.59,500
2026-03-01T10:51:00Z,trc-0051-cac,cache,72.76,200
2026-03-01T10:52:00Z,trc-0052-fro,frontend,2492.1,504
2026-03-01T10:52:00Z,trc-0052-api,api_gateway,2068.7,504
2026-03-01T10:52:00Z,trc-0052-ord,order_service,1583.37,504
2026-03-01T10:52:00Z,trc-0052-inv,inventory_service,1433.13,504
2026-03-01T10:52:00Z,trc-0052-pay,payment_service,30.69,200
2026-03-01T10:52:00Z,trc-0052-dat,database,1923.97,500
2026-03-01T10:52:00Z,trc-0052-cac,cache,50.92,200
2026-03-01T10:53:00Z,trc-0053-fro,frontend,1777.48,504
2026-03-01T10:53:00Z,trc-0053-api,api_gateway,1736.94,504
2026-03-01T10:53:00Z,trc-0053-ord,order_service,1650.75,504
2026-03-01T10:53:00Z,trc-0053-inv,inventory_service,1773.58,504
2026-03-01T10:53:00Z,trc-0053-pay,payment_service,34.09,200
2026-03-01T10:53:00Z,trc-0053-dat,database,2188.04,500
2026-03-01T10:53:00Z,trc-0053-cac,cache,53.92,200
2026-03-01T10:54:00Z,trc-0054-fro,frontend,2231.83,504
2026-03-01T10:54:00Z,trc-0054-api,api_gateway,2063.24,504
2026-03-01T10:54:00Z,trc-0054-ord,order_service,1895.55,504
2026-03-01T10:54:00Z,trc-0054-inv,inventory_service,1585.27,504
2026-03-01T10:54:00Z,trc-0054-pay,payment_service,36.99,200
2026-03-01T10:54:00Z,trc-0054-dat,database,1823.41,500
2026-03-01T10:54:00Z,trc-0054-cac,cache,45.19,200
2026-03-01T10:55:00Z,trc-0055-fro,frontend,1543.72,504
2026-03-01T10:55:00Z,trc-0055-api,api_gateway,1908.94,504
2026-03-01T10:55:00Z,trc-0055-ord,order_service,2137.98,504
2026-03-01T10:55:00Z,trc-0055-inv,inventory_service,2210.27,504
2026-03-01T10:55:00Z,trc-0055-pay,payment_service,34.42,200
2026-03-01T10:55:00Z,trc-0055-dat,database,1219.12,500
2026-03-01T10:55:00Z,trc-0055-cac,cache,58.21,200
2026-03-01T10:56:00Z,trc-0056-fro,frontend,40.51,200
2026-03-01T10:56:00Z,trc-0056-api,api_gateway,43.07,200
2026-03-01T10:56:00Z,trc-0056-ord,order_service,65.33,200
2026-03-01T10:56:00Z,trc-0056-inv,inventory_service,28.51,200
2026-03-01T10:56:00Z,trc-0056-pay,payment_service,46.92,200
2026-03-01T10:56:00Z,trc-0056-dat,database,51.14,200
2026-03-01T10:56:00Z,trc-0056-cac,cache,25.46,200
2026-03-01T10:57:00Z,trc-0057-fro,frontend,69.24,200
2026-03-01T10:57:00Z,trc-0057-api,api_gateway,37.34,200
2026-03-01T10:57:00Z,trc-0057-ord,order_service,30.64,200
2026-03-01T10:57:00Z,trc-0057-inv,inventory_service,30.73,200
2026-03-01T10:57:00Z,trc-0057-pay,payment_service,55.38,200
2026-03-01T10:57:00Z,trc-0057-dat,database,34.76,200
2026-03-01T10:57:00Z,trc-0057-cac,cache,22.77,200
2026-03-01T10:58:00Z,trc-0058-fro,frontend,69.38,200
2026-03-01T10:58:00Z,trc-0058-api,api_gateway,41.15,200
2026-03-01T10:58:00Z,trc-0058-ord,order_service,51.33,200
2026-03-01T10:58:00Z,trc-0058-inv,inventory_service,51.73,200
2026-03-01T10:58:00Z,trc-0058-pay,payment_service,63.26,200
2026-03-01T10:58:00Z,trc-0058-dat,database,41.34,200
2026-03-01T10:58:00Z,trc-0058-cac,cache,72.42,200
2026-03-01T10:59:00Z,trc-0059-fro,frontend,42.66,200
2026-03-01T10:59:00Z,trc-0059-api,api_gateway,39.4,200
2026-03-01T10:59:00Z,trc-0059-ord,order_service,56.9,200
2026-03-01T10:59:00Z,trc-0059-inv,inventory_service,54.23,200
2026-03-01T10:59:00Z,trc-0059-pay,payment_service,43.55,200
2026-03-01T10:59:00Z,trc-0059-dat,database,20.93,200
2026-03-01T10:59:00Z,trc-0059-cac,cache,50.59,200
2026-03-01T11:00:00Z,trc-0060-fro,frontend,71.29,200
2026-03-01T11:00:00Z,trc-0060-api,api_gateway,46.23,200
2026-03-01T11:00:00Z,trc-0060-ord,order_service,28.94,200
2026-03-01T11:00:00Z,trc-0060-inv,inventory_service,40.4,200
2026-03-01T11:00:00Z,trc-0060-pay,payment_service,70.19,200
2026-03-01T11:00:00Z,trc-0060-dat,database,42.18,200
2026-03-01T11:00:00Z,trc-0060-cac,cache,66.95,200
2026-03-01T11:01:00Z,trc-0061-fro,frontend,70.32,200
2026-03-01T11:01:00Z,trc-0061-api,api_gateway,37.6,200
2026-03-01T11:01:00Z,trc-0061-ord,order_service,67.3,200
2026-03-01T11:01:00Z,trc-0061-inv,inventory_service,74.78,200
2026-03-01T11:01:00Z,trc-0061-pay,payment_service,31.84,200
2026-03-01T11:01:00Z,trc-0061-dat,database,53.28,200
2026-03-01T11:01:00Z,trc-0061-cac,cache,64.68,200
2026-03-01T11:02:00Z,trc-0062-fro,frontend,50.71,200
2026-03-01T11:02:00Z,trc-0062-api,api_gateway,64.66,200
2026-03-01T11:02:00Z,trc-0062-ord,order_service,58.18,200
2026-03-01T11:02:00Z,trc-0062-inv,inventory_service,25.56,200
2026-03-01T11:02:00Z,trc-0062-pay,payment_service,76.96,200
2026-03-01T11:02:00Z,trc-0062-dat,database,50.25,200
2026-03-01T11:02:00Z,trc-0062-cac,cache,48.38,200
2026-03-01T11:03:00Z,trc-0063-fro,frontend,68.53,200
2026-03-01T11:03:00Z,trc-0063-api,api_gateway,56.73,200
2026-03-01T11:03:00Z,trc-0063-ord,order_service,35.12,200
2026-03-01T11:03:00Z,trc-0063-inv,inventory_service,65.59,200
2026-03-01T11:03:00Z,trc-0063-pay,payment_service,51.37,200
2026-03-01T11:03:00Z,trc-0063-dat,database,62.01,200
2026-03-01T11:03:00Z,trc-0063-cac,cache,32.79,200
2026-03-01T11:04:00Z,trc-0064-fro,frontend,73.32,200
2026-03-01T11:04:00Z,trc-0064-api,api_gateway,43.59,200
2026-03-01T11:04:00Z,trc-0064-ord,order_service,61.07,200
2026-03-01T11:04:00Z,trc-0064-inv,inventory_service,37.29,200
2026-03-01T11:04:00Z,trc-0064-pay,payment_service,53.7,200
2026-03-01T11:04:00Z,trc-0064-dat,database,67.31,200
2026-03-01T11:04:00Z,trc-0064-cac,cache,48.92,200
2026-03-01T11:05:00Z,trc-0065-fro,frontend,48.39,200
2026-03-01T11:05:00Z,trc-0065-api,api_gateway,41.19,200
2026-03-01T11:05:00Z,trc-0065-ord,order_service,60.12,200
2026-03-01T11:05:00Z,trc-0065-inv,inventory_service,69.86,200
2026-03-01T11:05:00Z,trc-0065-pay,payment_service,64.32,200
2026-03-01T11:05:00Z,trc-0065-dat,database,61.3,200
2026-03-01T11:05:00Z,trc-0065-cac,cache,40.41,200
2026-03-01T11:06:00Z,trc-0066-fro,frontend,55.02,200
2026-03-01T11:06:00Z,trc-0066-api,api_gateway,62.66,200
2026-03-01T11:06:00Z,trc-0066-ord,order_service,37.16,200
2026-03-01T11:06:00Z,trc-0066-inv,inventory_service,68.45,200
2026-03-01T11:06:00Z,trc-0066-pay,payment_service,46.37,200
2026-03-01T11:06:00Z,trc-0066-dat,database,71.65,200
2026-03-01T11:06:00Z,trc-0066-cac,cache,64.91,200
2026-03-01T11:07:00Z,trc-0067-fro,frontend,63.92,200
2026-03-01T11:07:00Z,trc-0067-api,api_gateway,29.68,200
2026-03-01T11:07:00Z,trc-0067-ord,order_service,59.88,200
2026-03-01T11:07:00Z,trc-0067-inv,inventory_service,65.82,200
2026-03-01T11:07:00Z,trc-0067-pay,payment_service,38.68,200
2026-03-01T11:07:00Z,trc-0067-dat,database,27.75,200
2026-03-01T11:07:00Z,trc-0067-cac,cache,29.25,200
2026-03-01T11:08:00Z,trc-0068-fro,frontend,30.96,200
2026-03-01T11:08:00Z,trc-0068-api,api_gateway,46.79,200
2026-03-01T11:08:00Z,trc-0068-ord,order_service,32.71,200
2026-03-01T11:08:00Z,trc-0068-inv,inventory_service,44.71,200
2026-03-01T11:08:00Z,trc-0068-pay,payment_service,53.61,200
2026-03-01T11:08:00Z,trc-0068-dat,database,41.1,200
2026-03-01T11:08:00Z,trc-0068-cac,cache,27.52,200
2026-03-01T11:09:00Z,trc-0069-fro,frontend,44.31,200
2026-03-01T11:09:00Z,trc-0069-api,api_gateway,36.57,200
2026-03-01T11:09:00Z,trc-0069-ord,order_service,55.21,200
2026-03-01T11:09:00Z,trc-0069-inv,inventory_service,50.91,200
2026-03-01T11:09:00Z,trc-0069-pay,payment_service,73.19,200
2026-03-01T11:09:00Z,trc-0069-dat,database,70.07,200
2026-03-01T11:09:00Z,trc-0069-cac,cache,51.89,200
2026-03-01T11:10:00Z,trc-0070-fro,frontend,30.1,200
2026-03-01T11:10:00Z,trc-0070-api,api_gateway,38.13,200
2026-03-01T11:10:00Z,trc-0070-ord,order_service,62.03,200
2026-03-01T11:10:00Z,trc-0070-inv,inventory_service,72.8,200
2026-03-01T11:10:00Z,trc-0070-pay,payment_service,55.28,200
2026-03-01T11:10:00Z,trc-0070-dat,database,40.11,200
2026-03-01T11:10:00Z,trc-0070-cac,cache,55.79,200
2026-03-01T11:11:00Z,trc-0071-fro,frontend,69.74,200
2026-03-01T11:11:00Z,trc-0071-api,api_gateway,39.96,200
2026-03-01T11:11:00Z,trc-0071-ord,order_service,60.82,200
2026-03-01T11:11:00Z,trc-0071-inv,inventory_service,32.34,200
2026-03-01T11:11:00Z,trc-0071-pay,payment_service,28.02,200
2026-03-01T11:11:00Z,trc-0071-dat,database,45.74,200
2026-03-01T11:11:00Z,trc-0071-cac,cache,72.7,200
2026-03-01T11:12:00Z,trc-0072-fro,frontend,30.16,200
2026-03-01T11:12:00Z,trc-0072-api,api_gateway,61.33,200
2026-03-01T11:12:00Z,trc-0072-ord,order_service,34.96,200
2026-03-01T11:12:00Z,trc-0072-inv,inventory_service,35.59,200
2026-03-01T11:12:00Z,trc-0072-pay,payment_service,33.09,200
2026-03-01T11:12:00Z,trc-0072-dat,database,31.34,200
2026-03-01T11:12:00Z,trc-0072-cac,cache,49.15,200
2026-03-01T11:13:00Z,trc-0073-fro,frontend,47.75,200
2026-03-01T11:13:00Z,trc-0073-api,api_gateway,51.32,200
2026-03-01T11:13:00Z,trc-0073-ord,order_service,51.71,200
2026-03-01T11:13:00Z,trc-0073-inv,inventory_service,44.67,200
2026-03-01T11:13:00Z,trc-0073-pay,payment_service,65.24,200
2026-03-01T11:13:00Z,trc-0073-dat,database,38.02,200
2026-03-01T11:13:00Z,trc-0073-cac,cache,70.08,200
2026-03-01T11:14:00Z,trc-0074-fro,frontend,63.51,200
2026-03-01T11:14:00Z,trc-0074-api,api_gateway,73.86,200
2026-03-01T11:14:00Z,trc-0074-ord,order_service,69.14,200
2026-03-01T11:14:00Z,trc-0074-inv,inventory_service,44.89,200
2026-03-01T11:14:00Z,trc-0074-pay,payment_service,43.27,200
2026-03-01T11:14:00Z,trc-0074-dat,database,62.06,200
2026-03-01T11:14:00Z,trc-0074-cac,cache,60.89,200
2026-03-01T11:15:00Z,trc-0075-fro,frontend,64.28,200
2026-03-01T11:15:00Z,trc-0075-api,api_gateway,52.97,200
2026-03-01T11:15:00Z,trc-0075-ord,order_service,71.95,200
2026-03-01T11:15:00Z,trc-0075-inv,inventory_service,58.78,200
2026-03-01T11:15:00Z,trc-0075-pay,payment_service,39.94,200
2026-03-01T11:15:00Z,trc-0075-dat,database,33.22,200
2026-03-01T11:15:00Z,trc-0075-cac,cache,62.45,200
2026-03-01T11:16:00Z,trc-0076-fro,frontend,43.17,200
2026-03-01T11:16:00Z,trc-0076-api,api_gateway,41.01,200
2026-03-01T11:16:00Z,trc-0076-ord,order_service,28.74,200
2026-03-01T11:16:00Z,trc-0076-inv,inventory_service,27.26,200
2026-03-01T11:16:00Z,trc-0076-pay,payment_service,39.4,200
2026-03-01T11:16:00Z,trc-0076-dat,database,67.04,200
2026-03-01T11:16:00Z,trc-0076-cac,cache,78.01,200
2026-03-01T11:17:00Z,trc-0077-fro,frontend,33.38,200
2026-03-01T11:17:00Z,trc-0077-api,api_gateway,65.73,200
2026-03-01T11:17:00Z,trc-0077-ord,order_service,58.61,200
2026-03-01T11:17:00Z,trc-0077-inv,inventory_service,54.04,200
2026-03-01T11:17:00Z,trc-0077-pay,payment_service,61.73,200
2026-03-01T11:17:00Z,trc-0077-dat,database,71.69,200
2026-03-01T11:17:00Z,trc-0077-cac,cache,76.21,200
2026-03-01T11:18:00Z,trc-0078-fro,frontend,46.47,200
2026-03-01T11:18:00Z,trc-0078-api,api_gateway,51.5,200
2026-03-01T11:18:00Z,trc-0078-ord,order_service,58.85,200
2026-03-01T11:18:00Z,trc-0078-inv,inventory_service,69.66,200
2026-03-01T11:18:00Z,trc-0078-pay,payment_service,67.27,200
2026-03-01T11:18:00Z,trc-0078-dat,database,36.9,200
2026-03-01T11:18:00Z,trc-0078-cac,cache,41.98,200
2026-03-01T11:19:00Z,trc-0079-fro,frontend,66.16,200
2026-03-01T11:19:00Z,trc-0079-api,api_gateway,37.86,200
2026-03-01T11:19:00Z,trc-0079-ord,order_service,69.52,200
2026-03-01T11:19:00Z,trc-0079-inv,inventory_service,44.93,200
2026-03-01T11:19:00Z,trc-0079-pay,payment_service,26.36,200
2026-03-01T11:19:00Z,trc-0079-dat,database,34.9,200
2026-03-01T11:19:00Z,trc-0079-cac,cache,76.37,200
2026-03-01T11:20:00Z,trc-0080-fro,frontend,35.18,200
2026-03-01T11:20:00Z,trc-0080-api,api_gateway,33.95,200
2026-03-01T11:20:00Z,trc-0080-ord,order_service,29.77,200
2026-03-01T11:20:00Z,trc-0080-inv,inventory_service,55.27,200
2026-03-01T11:20:00Z,trc-0080-pay,payment_service,1093.03,502
2026-03-01T11:20:00Z,trc-0080-dat,database,56.5,200
2026-03-01T11:20:00Z,trc-0080-cac,cache,71.42,200
2026-03-01T11:21:00Z,trc-0081-fro,frontend,48.24,200
2026-03-01T11:21:00Z,trc-0081-api,api_gateway,37.67,200
2026-03-01T11:21:00Z,trc-0081-ord,order_service,1022.37,502
2026-03-01T11:21:00Z,trc-0081-inv,inventory_service,54.94,200
2026-03-01T11:21:00Z,trc-0081-pay,payment_service,1199.88,502
2026-03-01T11:21:00Z,trc-0081-dat,database,46.82,200
2026-03-01T11:21:00Z,trc-0081-cac,cache,62.38,200
2026-03-01T11:22:00Z,trc-0082-fro,frontend,26.31,500
2026-03-01T11:22:00Z,trc-0082-api,api_gateway,46.77,500
2026-03-01T11:22:00Z,trc-0082-ord,order_service,965.87,502
2026-03-01T11:22:00Z,trc-0082-inv,inventory_service,53.82,200
2026-03-01T11:22:00Z,trc-0082-pay,payment_service,1437.42,502
2026-03-01T11:22:00Z,trc-0082-dat,database,30.14,200
2026-03-01T11:22:00Z,trc-0082-cac,cache,49.7,200
2026-03-01T11:23:00Z,trc-0083-fro,frontend,42.07,500
2026-03-01T11:23:00Z,trc-0083-api,api_gateway,64.3,500
2026-03-01T11:23:00Z,trc-0083-ord,order_service,1108.81,502
2026-03-01T11:23:00Z,trc-0083-inv,inventory_service,59.51,200
2026-03-01T11:23:00Z,trc-0083-pay,payment_service,997.13,502
2026-03-01T11:23:00Z,trc-0083-dat,database,58.43,200
2026-03-01T11:23:00Z,trc-0083-cac,cache,50.49,200
2026-03-01T11:24:00Z,trc-0084-fro,frontend,39.55,500
2026-03-01T11:24:00Z,trc-0084-api,api_gateway,70.87,500
2026-03-01T11:24:00Z,trc-0084-ord,order_service,891.7,502
2026-03-01T11:24:00Z,trc-0084-inv,inventory_service,62.02,200
2026-03-01T11:24:00Z,trc-0084-pay,payment_service,1039.48,502
2026-03-01T11:24:00Z,trc-0084-dat,database,61.67,200
2026-03-01T11:24:00Z,trc-0084-cac,cache,47.16,200
2026-03-01T11:25:00Z,trc-0085-fro,frontend,64.86,500
2026-03-01T11:25:00Z,trc-0085-api,api_gateway,48.24,500
2026-03-01T11:25:00Z,trc-0085-ord,order_service,1296.14,502
2026-03-01T11:25:00Z,trc-0085-inv,inventory_service,54.66,200
2026-03-01T11:25:00Z,trc-0085-pay,payment_service,1101.86,502
2026-03-01T11:25:00Z,trc-0085-dat,database,60.74,200
2026-03-01T11:25:00Z,trc-0085-cac,cache,42.73,200
2026-03-01T11:26:00Z,trc-0086-fro,frontend,61.13,500
2026-03-01T11:26:00Z,trc-0086-api,api_gateway,39.3,500
2026-03-01T11:26:00Z,trc-0086-ord,order_service,874.49,502
2026-03-01T11:26:00Z,trc-0086-inv,inventory_service,33.68,200
2026-03-01T11:26:00Z,trc-0086-pay,payment_service,853.76,502
2026-03-01T11:26:00Z,trc-0086-dat,database,65.42,200
2026-03-01T11:26:00Z,trc-0086-cac,cache,44.33,200
2026-03-01T11:27:00Z,trc-0087-fro,frontend,29.51,500
2026-03-01T11:27:00Z,trc-0087-api,api_gateway,55.17,500
2026-03-01T11:27:00Z,trc-0087-ord,order_service,1414.3,502
2026-03-01T11:27:00Z,trc-0087-inv,inventory_service,42.89,200
2026-03-01T11:27:00Z,trc-0087-pay,payment_service,1390.95,502
2026-03-01T11:27:00Z,trc-0087-dat,database,51.37,200
2026-03-01T11:27:00Z,trc-0087-cac,cache,71.75,200
2026-03-01T11:28:00Z,trc-0088-fro,frontend,70.0,500
2026-03-01T11:28:00Z,trc-0088-api,api_gateway,62.36,500
2026-03-01T11:28:00Z,trc-0088-ord,order_service,1163.61,502
2026-03-01T11:28:00Z,trc-0088-inv,inventory_service,24.37,200
2026-03-01T11:28:00Z,trc-0088-pay,payment_service,894.82,502
2026-03-01T11:28:00Z,trc-0088-dat,database,46.72,200
2026-03-01T11:28:00Z,trc-0088-cac,cache,52.23,200
2026-03-01T11:29:00Z,trc-0089-fro,frontend,42.64,500
2026-03-01T11:29:00Z,trc-0089-api,api_gateway,43.0,500
2026-03-01T11:29:00Z,trc-0089-ord,order_service,1103.09,502
2026-03-01T11:29:00Z,trc-0089-inv,inventory_service,35.48,200
2026-03-01T11:29:00Z,trc-0089-pay,payment_service,1332.11,502
2026-03-01T11:29:00Z,trc-0089-dat,database,38.62,200
2026-03-01T11:29:00Z,trc-0089-cac,cache,57.46,200
2026-03-01T11:30:00Z,trc-0090-fro,frontend,37.27,500
2026-03-01T11:30:00Z,trc-0090-api,api_gateway,68.6,500
2026-03-01T11:30:00Z,trc-0090-ord,order_service,1445.36,502
2026-03-01T11:30:00Z,trc-0090-inv,inventory_service,69.5,200
2026-03-01T11:30:00Z,trc-0090-pay,payment_service,1282.36,502
2026-03-01T11:30:00Z,trc-0090-dat,database,29.71,200
2026-03-01T11:30:00Z,trc-0090-cac,cache,39.17,200
2026-03-01T11:31:00Z,trc-0091-fro,frontend,72.2,500
2026-03-01T11:31:00Z,trc-0091-api,api_gateway,56.89,500
2026-03-01T11:31:00Z,trc-0091-ord,order_service,948.23,502
2026-03-01T11:31:00Z,trc-0091-inv,inventory_service,27.04,200
2026-03-01T11:31:00Z,trc-0091-pay,payment_service,1241.96,502
2026-03-01T11:31:00Z,trc-0091-dat,database,35.3,200
2026-03-01T11:31:00Z,trc-0091-cac,cache,49.09,200
2026-03-01T11:32:00Z,trc-0092-fro,frontend,73.01,500
2026-03-01T11:32:00Z,trc-0092-api,api_gateway,71.81,500
2026-03-01T11:32:00Z,trc-0092-ord,order_service,862.18,502
2026-03-01T11:32:00Z,trc-0092-inv,inventory_service,54.6,200
2026-03-01T11:32:00Z,trc-0092-pay,payment_service,1345.87,502
2026-03-01T11:32:00Z,trc-0092-dat,database,43.23,200
2026-03-01T11:32:00Z,trc-0092-cac,cache,53.78,200
2026-03-01T11:33:00Z,trc-0093-fro,frontend,42.59,200
2026-03-01T11:33:00Z,trc-0093-api,api_gateway,78.1,200
2026-03-01T11:33:00Z,trc-0093-ord,order_service,64.65,200
2026-03-01T11:33:00Z,trc-0093-inv,inventory_service,37.05,200
2026-03-01T11:33:00Z,trc-0093-pay,payment_service,60.03,200
2026-03-01T11:33:00Z,trc-0093-dat,database,33.76,200
2026-03-01T11:33:00Z,trc-0093-cac,cache,30.89,200
2026-03-01T11:34:00Z,trc-0094-fro,frontend,48.12,200
2026-03-01T11:34:00Z,trc-0094-api,api_gateway,32.1,200
2026-03-01T11:34:00Z,trc-0094-ord,order_service,41.59,200
2026-03-01T11:34:00Z,trc-0094-inv,inventory_service,61.17,200
2026-03-01T11:34:00Z,trc-0094-pay,payment_service,48.03,200
2026-03-01T11:34:00Z,trc-0094-dat,database,65.08,200
2026-03-01T11:34:00Z,trc-0094-cac,cache,45.22,200
2026-03-01T11:35:00Z,trc-0095-fro,frontend,71.86,200
2026-03-01T11:35:00Z,trc-0095-api,api_gateway,56.45,200
2026-03-01T11:35:00Z,trc-0095-ord,order_service,70.76,200
2026-03-01T11:35:00Z,trc-0095-inv,inventory_service,29.56,200
2026-03-01T11:35:00Z,trc-0095-pay,payment_service,47.89,200
2026-03-01T11:35:00Z,trc-0095-dat,database,41.68,200
2026-03-01T11:35:00Z,trc-0095-cac,cache,53.22,200
2026-03-01T11:36:00Z,trc-0096-fro,frontend,27.93,200
2026-03-01T11:36:00Z,trc-0096-api,api_gateway,28.38,200
2026-03-01T11:36:00Z,trc-0096-ord,order_service,54.1,200
2026-03-01T11:36:00Z,trc-0096-inv,inventory_service,60.42,200
2026-03-01T11:36:00Z,trc-0096-pay,payment_service,32.91,200
2026-03-01T11:36:00Z,trc-0096-dat,database,74.89,200
2026-03-01T11:36:00Z,trc-0096-cac,cache,71.93,200
2026-03-01T11:37:00Z,trc-0097-fro,frontend,58.19,200
2026-03-01T11:37:00Z,trc-0097-api,api_gateway,39.02,200
2026-03-01T11:37:00Z,trc-0097-ord,order_service,45.91,200
2026-03-01T11:37:00Z,trc-0097-inv,inventory_service,55.34,200
2026-03-01T11:37:00Z,trc-0097-pay,payment_service,51.88,200
2026-03-01T11:37:00Z,trc-0097-dat,database,46.97,200
2026-03-01T11:37:00Z,trc-0097-cac,cache,29.73,200
2026-03-01T11:38:00Z,trc-0098-fro,frontend,45.62,200
2026-03-01T11:38:00Z,trc-0098-api,api_gateway,32.34,200
2026-03-01T11:38:00Z,trc-0098-ord,order_service,24.29,200
2026-03-01T11:38:00Z,trc-0098-inv,inventory_service,25.25,200
2026-03-01T11:38:00Z,trc-0098-pay,payment_service,28.81,200
2026-03-01T11:38:00Z,trc-0098-dat,database,58.04,200
2026-03-01T11:38:00Z,trc-0098-cac,cache,24.32,200
2026-03-01T11:39:00Z,trc-0099-fro,frontend,22.18,200
2026-03-01T11:39:00Z,trc-0099-api,api_gateway,58.8,200
2026-03-01T11:39:00Z,trc-0099-ord,order_service,64.63,200
2026-03-01T11:39:00Z,trc-0099-inv,inventory_service,43.96,200
2026-03-01T11:39:00Z,trc-0099-pay,payment_service,65.63,200
2026-03-01T11:39:00Z,trc-0099-dat,database,64.16,200
2026-03-01T11:39:00Z,trc-0099-cac,cache,67.13,200
2026-03-01T11:40:00Z,trc-0100-fro,frontend,57.39,200
2026-03-01T11:40:00Z,trc-0100-api,api_gateway,49.29,200
2026-03-01T11:40:00Z,trc-0100-ord,order_service,76.27,200
2026-03-01T11:40:00Z,trc-0100-inv,inventory_service,39.51,200
2026-03-01T11:40:00Z,trc-0100-pay,payment_service,48.77,200
2026-03-01T11:40:00Z,trc-0100-dat,database,53.87,200
2026-03-01T11:40:00Z,trc-0100-cac,cache,53.12,200
2026-03-01T11:41:00Z,trc-0101-fro,frontend,50.65,200
2026-03-01T11:41:00Z,trc-0101-api,api_gateway,22.94,200
2026-03-01T11:41:00Z,trc-0101-ord,order_service,56.5,200
2026-03-01T11:41:00Z,trc-0101-inv,inventory_service,30.03,200
2026-03-01T11:41:00Z,trc-0101-pay,payment_service,47.2,200
2026-03-01T11:41:00Z,trc-0101-dat,database,35.48,200
2026-03-01T11:41:00Z,trc-0101-cac,cache,52.49,200
2026-03-01T11:42:00Z,trc-0102-fro,frontend,34.3,200
2026-03-01T11:42:00Z,trc-0102-api,api_gateway,61.47,200
2026-03-01T11:42:00Z,trc-0102-ord,order_service,57.55,200
2026-03-01T11:42:00Z,trc-0102-inv,inventory_service,36.67,200
2026-03-01T11:42:00Z,trc-0102-pay,payment_service,36.03,200
2026-03-01T11:42:00Z,trc-0102-dat,database,62.01,200
2026-03-01T11:42:00Z,trc-0102-cac,cache,60.1,200
2026-03-01T11:43:00Z,trc-0103-fro,frontend,75.0,200
2026-03-01T11:43:00Z,trc-0103-api,api_gateway,34.62,200
2026-03-01T11:43:00Z,trc-0103-ord,order_service,33.6,200
2026-03-01T11:43:00Z,trc-0103-inv,inventory_service,46.97,200
2026-03-01T11:43:00Z,trc-0103-pay,payment_service,43.7,200
2026-03-01T11:43:00Z,trc-0103-dat,database,38.87,200
2026-03-01T11:43:00Z,trc-0103-cac,cache,67.68,200
2026-03-01T11:44:00Z,trc-0104-fro,frontend,46.23,200
2026-03-01T11:44:00Z,trc-0104-api,api_gateway,66.36,200
2026-03-01T11:44:00Z,trc-0104-ord,order_service,69.18,200
2026-03-01T11:44:00Z,trc-0104-inv,inventory_service,65.83,200
2026-03-01T11:44:00Z,trc-0104-pay,payment_service,59.71,200
2026-03-01T11:44:00Z,trc-0104-dat,database,52.56,200
2026-03-01T11:44:00Z,trc-0104-cac,cache,62.49,200
2026-03-01T11:45:00Z,trc-0105-fro,frontend,62.1,200
2026-03-01T11:45:00Z,trc-0105-api,api_gateway,71.11,200
2026-03-01T11:45:00Z,trc-0105-ord,order_service,40.19,200
2026-03-01T11:45:00Z,trc-0105-inv,inventory_service,24.23,200
2026-03-01T11:45:00Z,trc-0105-pay,payment_service,51.08,200
2026-03-01T11:45:00Z,trc-0105-dat,database,75.77,200
2026-03-01T11:45:00Z,trc-0105-cac,cache,49.31,200
2026-03-01T11:46:00Z,trc-0106-fro,frontend,48.03,200
2026-03-01T11:46:00Z,trc-0106-api,api_gateway,73.24,200
2026-03-01T11:46:00Z,trc-0106-ord,order_service,50.08,200
2026-03-01T11:46:00Z,trc-0106-inv,inventory_service,35.63,200
2026-03-01T11:46:00Z,trc-0106-pay,payment_service,29.71,200
2026-03-01T11:46:00Z,trc-0106-dat,database,27.86,200
2026-03-01T11:46:00Z,trc-0106-cac,cache,25.36,200
2026-03-01T11:47:00Z,trc-0107-fro,frontend,45.54,200
2026-03-01T11:47:00Z,trc-0107-api,api_gateway,76.99,200
2026-03-01T11:47:00Z,trc-0107-ord,order_service,76.67,200
2026-03-01T11:47:00Z,trc-0107-inv,inventory_service,43.55,200
2026-03-01T11:47:00Z,trc-0107-pay,payment_service,36.07,200
2026-03-01T11:47:00Z,trc-0107-dat,database,43.33,200
2026-03-01T11:47:00Z,trc-0107-cac,cache,37.11,200
2026-03-01T11:48:00Z,trc-0108-fro,frontend,37.25,200
2026-03-01T11:48:00Z,trc-0108-api,api_gateway,31.74,200
2026-03-01T11:48:00Z,trc-0108-ord,order_service,69.46,200
2026-03-01T11:48:00Z,trc-0108-inv,inventory_service,54.68,200
2026-03-01T11:48:00Z,trc-0108-pay,payment_service,33.73,200
2026-03-01T11:48:00Z,trc-0108-dat,database,31.1,200
2026-03-01T11:48:00Z,trc-0108-cac,cache,62.44,200
2026-03-01T11:49:00Z,trc-0109-fro,frontend,50.23,200
2026-03-01T11:49:00Z,trc-0109-api,api_gateway,31.63,200
2026-03-01T11:49:00Z,trc-0109-ord,order_service,33.19,200
2026-03-01T11:49:00Z,trc-0109-inv,inventory_service,38.78,200
2026-03-01T11:49:00Z,trc-0109-pay,payment_service,63.55,200
2026-03-01T11:49:00Z,trc-0109-dat,database,31.25,200
2026-03-01T11:49:00Z,trc-0109-cac,cache,37.88,200
2026-03-01T11:50:00Z,trc-0110-fro,frontend,69.21,200
2026-03-01T11:50:00Z,trc-0110-api,api_gateway,64.44,200
2026-03-01T11:50:00Z,trc-0110-ord,order_service,26.66,200
2026-03-01T11:50:00Z,trc-0110-inv,inventory_service,34.96,200
2026-03-01T11:50:00Z,trc-0110-pay,payment_service,45.04,200
2026-03-01T11:50:00Z,trc-0110-dat,database,52.68,200
2026-03-01T11:50:00Z,trc-0110-cac,cache,73.42,200
2026-03-01T11:51:00Z,trc-0111-fro,frontend,57.39,200
2026-03-01T11:51:00Z,trc-0111-api,api_gateway,35.59,200
2026-03-01T11:51:00Z,trc-0111-ord,order_service,51.34,200
2026-03-01T11:51:00Z,trc-0111-inv,inventory_service,69.08,200
2026-03-01T11:51:00Z,trc-0111-pay,payment_service,75.1,200
2026-03-01T11:51:00Z,trc-0111-dat,database,27.07,200
2026-03-01T11:51:00Z,trc-0111-cac,cache,57.19,200
2026-03-01T11:52:00Z,trc-0112-fro,frontend,67.1,200
2026-03-01T11:52:00Z,trc-0112-api,api_gateway,46.61,200
2026-03-01T11:52:00Z,trc-0112-ord,order_service,42.35,200
2026-03-01T11:52:00Z,trc-0112-inv,inventory_service,37.62,200
2026-03-01T11:52:00Z,trc-0112-pay,payment_service,59.77,200
2026-03-01T11:52:00Z,trc-0112-dat,database,53.62,200
2026-03-01T11:52:00Z,trc-0112-cac,cache,58.41,200
2026-03-01T11:53:00Z,trc-0113-fro,frontend,26.22,200
2026-03-01T11:53:00Z,trc-0113-api,api_gateway,57.3,200
2026-03-01T11:53:00Z,trc-0113-ord,order_service,42.77,200
2026-03-01T11:53:00Z,trc-0113-inv,inventory_service,58.55,200
2026-03-01T11:53:00Z,trc-0113-pay,payment_service,31.71,200
2026-03-01T11:53:00Z,trc-0113-dat,database,46.26,200
2026-03-01T11:53:00Z,trc-0113-cac,cache,55.82,200
2026-03-01T11:54:00Z,trc-0114-fro,frontend,48.41,200
2026-03-01T11:54:00Z,trc-0114-api,api_gateway,28.63,200
2026-03-01T11:54:00Z,trc-0114-ord,order_service,42.37,200
2026-03-01T11:54:00Z,trc-0114-inv,inventory_service,31.04,200
2026-03-01T11:54:00Z,trc-0114-pay,payment_service,66.76,200
2026-03-01T11:54:00Z,trc-0114-dat,database,32.58,200
2026-03-01T11:54:00Z,trc-0114-cac,cache,39.68,200
2026-03-01T11:55:00Z,trc-0115-fro,frontend,34.3,200
2026-03-01T11:55:00Z,trc-0115-api,api_gateway,46.11,200
2026-03-01T11:55:00Z,trc-0115-ord,order_service,52.04,200
2026-03-01T11:55:00Z,trc-0115-inv,inventory_service,34.68,200
2026-03-01T11:55:00Z,trc-0115-pay,payment_service,59.6,200
2026-03-01T11:55:00Z,trc-0115-dat,database,34.66,200
2026-03-01T11:55:00Z,trc-0115-cac,cache,53.95,200
2026-03-01T11:56:00Z,trc-0116-fro,frontend,55.37,200
2026-03-01T11:56:00Z,trc-0116-api,api_gateway,29.74,200
2026-03-01T11:56:00Z,trc-0116-ord,order_service,64.8,200
2026-03-01T11:56:00Z,trc-0116-inv,inventory_service,35.65,200
2026-03-01T11:56:00Z,trc-0116-pay,payment_service,39.79,200
2026-03-01T11:56:00Z,trc-0116-dat,database,23.5,200
2026-03-01T11:56:00Z,trc-0116-cac,cache,30.77,200
2026-03-01T11:57:00Z,trc-0117-fro,frontend,30.57,200
2026-03-01T11:57:00Z,trc-0117-api,api_gateway,67.0,200
2026-03-01T11:57:00Z,trc-0117-ord,order_service,76.45,200
2026-03-01T11:57:00Z,trc-0117-inv,inventory_service,57.09,200
2026-03-01T11:57:00Z,trc-0117-pay,payment_service,26.23,200
2026-03-01T11:57:00Z,trc-0117-dat,database,63.9,200
2026-03-01T11:57:00Z,trc-0117-cac,cache,32.3,200
2026-03-01T11:58:00Z,trc-0118-fro,frontend,52.69,200
2026-03-01T11:58:00Z,trc-0118-api,api_gateway,47.72,200
2026-03-01T11:58:00Z,trc-0118-ord,order_service,70.86,200
2026-03-01T11:58:00Z,trc-0118-inv,inventory_service,47.45,200
2026-03-01T11:58:00Z,trc-0118-pay,payment_service,43.43,200
2026-03-01T11:58:00Z,trc-0118-dat,database,53.67,200
2026-03-01T11:58:00Z,trc-0118-cac,cache,76.96,200
2026-03-01T11:59:00Z,trc-0119-fro,frontend,49.53,200
2026-03-01T11:59:00Z,trc-0119-api,api_gateway,25.64,200
2026-03-01T11:59:00Z,trc-0119-ord,order_service,38.22,200
2026-03-01T11:59:00Z,trc-0119-inv,inventory_service,40.77,200
2026-03-01T11:59:00Z,trc-0119-pay,payment_service,48.87,200
2026-03-01T11:59:00Z,trc-0119-dat,database,25.33,200
2026-03-01T11:59:00Z,trc-0119-cac,cache,25.77,200
