timestamp,service,cpu_usage,memory_usage,latency_ms,request_rate,error_rate
2026-03-01T10:00:00Z,frontend,29.36,54.01,61.6,173.4,0.006
2026-03-01T10:00:00Z,api_gateway,21.45,52.32,55.06,153.09,0.0071
2026-03-01T10:00:00Z,order_service,40.81,39.25,34.09,195.64,0.0018
2026-03-01T10:00:00Z,inventory_service,30.8,40.82,55.59,193.82,0.0014
2026-03-01T10:00:00Z,payment_service,31.4,50.7,34.98,238.86,0.0051
2026-03-01T10:00:00Z,database,35.19,38.41,28.25,294.84,0.0095
2026-03-01T10:00:00Z,cache,27.62,36.95,59.21,168.31,0.0044
2026-03-01T10:01:00Z,frontend,20.86,53.19,37.94,196.76,0.0066
2026-03-01T10:01:00Z,api_gateway,33.67,38.7,73.48,290.92,0.0078
2026-03-01T10:01:00Z,order_service,34.95,53.44,29.42,156.78,0.002
2026-03-01T10:01:00Z,inventory_service,29.72,40.43,66.44,192.14,0.0036
2026-03-01T10:01:00Z,payment_service,23.52,51.04,28.73,265.84,0.0099
2026-03-01T10:01:00Z,database,20.14,51.31,60.34,265.69,0.0073
2026-03-01T10:01:00Z,cache,28.96,37.32,68.16,199.63,0.0062
2026-03-01T10:02:00Z,frontend,27.77,41.5,61.48,283.08,0.0064
2026-03-01T10:02:00Z,api_gateway,22.99,49.26,63.04,265.65,0.0056
2026-03-01T10:02:00Z,order_service,33.07,43.55,26.27,154.71,0.0011
2026-03-01T10:02:00Z,inventory_service,27.86,45.17,70.38,211.56,0.0025
2026-03-01T10:02:00Z,payment_service,25.72,36.54,39.49,289.45,0.0016
2026-03-01T10:02:00Z,database,35.84,52.43,65.18,283.88,0.0019
2026-03-01T10:02:00Z,cache,40.19,52.92,40.9,184.19,0.0011
2026-03-01T10:03:00Z,frontend,40.45,52.21,25.35,212.61,0.0051
2026-03-01T10:03:00Z,api_gateway,23.0,41.75,72.15,227.82,0.0032
2026-03-01T10:03:00Z,order_service,29.09,54.44,73.12,224.59,0.0025
2026-03-01T10:03:00Z,inventory_service,27.12,35.74,55.48,157.72,0.005
2026-03-01T10:03:00Z,payment_service,42.71,39.79,32.24,297.85,0.0049
2026-03-01T10:03:00Z,database,36.8,50.23,36.88,205.17,0.0073
2026-03-01T10:03:00Z,cache,35.84,45.72,29.51,198.12,0.0084
2026-03-01T10:04:00Z,frontend,21.02,46.82,58.88,226.81,0.0002
2026-03-01T10:04:00Z,api_gateway,36.13,38.49,59.55,290.51,0.0039
2026-03-01T10:04:00Z,order_service,28.53,37.27,71.23,188.69,0.0088
2026-03-01T10:04:00Z,inventory_service,40.43,46.1,51.48,163.97,0.0024
2026-03-01T10:04:00Z,payment_service,42.51,47.66,41.95,258.89,0.0035
2026-03-01T10:04:00Z,database,42.18,50.6,57.1,174.24,0.0008
2026-03-01T10:04:00Z,cache,35.16,35.18,30.07,150.76,0.0066
2026-03-01T10:05:00Z,frontend,33.72,48.84,57.6,256.83,0.0022
2026-03-01T10:05:00Z,api_gateway,28.13,49.93,57.48,248.64,0.0085
2026-03-01T10:05:00Z,order_service,22.34,42.35,38.26,295.95,0.0024
2026-03-01T10:05:00Z,inventory_service,42.3,47.62,64.74,236.54,0.005
2026-03-01T10:05:00Z,payment_service,24.88,49.45,39.04,246.82,0.0002
2026-03-01T10:05:00Z,database,43.51,54.08,70.74,152.32,0.0037
2026-03-01T10:05:00Z,cache,30.7,54.33,73.18,194.17,0.0085
2026-03-01T10:06:00Z,frontend,41.28,41.34,33.47,290.42,0.0056
2026-03-01T10:06:00Z,api_gateway,34.25,36.94,55.75,171.01,0.0099
2026-03-01T10:06:00Z,order_service,41.93,49.82,59.85,203.92,0.007
2026-03-01T10:06:00Z,inventory_service,40.23,51.2,68.35,226.7,0.0091
2026-03-01T10:06:00Z,payment_service,39.96,48.0,60.1,283.5,0.008
2026-03-01T10:06:00Z,database,29.39,36.88,53.91,219.84,0.0004
2026-03-01T10:06:00Z,cache,27.16,46.82,26.53,273.39,0.0004
2026-03-01T10:07:00Z,frontend,23.18,45.44,63.5,243.43,0.0022
2026-03-01T10:07:00Z,api_gateway,21.29,45.63,52.03,258.91,0.0064
2026-03-01T10:07:00Z,order_service,32.91,41.46,64.76,215.85,0.0027
2026-03-01T10:07:00Z,inventory_service,20.63,54.25,66.8,211.34,0.007
2026-03-01T10:07:00Z,payment_service,23.91,40.0,52.46,249.03,0.0071
2026-03-01T10:07:00Z,database,43.87,49.76,52.72,212.94,0.0061
2026-03-01T10:07:00Z,cache,28.9,50.16,25.72,156.9,0.0012
2026-03-01T10:08:00Z,frontend,41.39,49.07,48.71,223.74,0.001
2026-03-01T10:08:00Z,api_gateway,24.33,43.68,44.93,245.26,0.0062
2026-03-01T10:08:00Z,order_service,29.37,47.52,50.16,248.8,0.0086
2026-03-01T10:08:00Z,inventory_service,21.76,47.85,26.33,291.03,0.0059
2026-03-01T10:08:00Z,payment_service,29.7,47.87,47.91,291.22,0.0055
2026-03-01T10:08:00Z,database,44.03,53.11,34.79,165.12,0.0007
2026-03-01T10:08:00Z,cache,22.36,48.66,28.56,276.73,0.0032
2026-03-01T10:09:00Z,frontend,40.36,40.64,30.91,244.34,0.007
2026-03-01T10:09:00Z,api_gateway,38.38,51.07,39.1,262.59,0.0018
2026-03-01T10:09:00Z,order_service,44.76,43.25,43.6,201.12,0.0078
2026-03-01T10:09:00Z,inventory_service,41.46,43.58,62.54,165.47,0.0075
2026-03-01T10:09:00Z,payment_service,32.63,51.53,41.0,208.38,0.009
2026-03-01T10:09:00Z,database,42.63,36.83,40.97,292.59,0.0095
2026-03-01T10:09:00Z,cache,35.8,43.97,39.66,250.88,0.0033
2026-03-01T10:10:00Z,frontend,39.79,50.79,29.56,158.63,0.0049
2026-03-01T10:10:00Z,api_gateway,31.04,52.75,42.55,171.45,0.0012
2026-03-01T10:10:00Z,order_service,35.46,37.02,29.21,160.91,0.007
2026-03-01T10:10:00Z,inventory_service,37.66,36.63,29.24,206.14,0.0099
2026-03-01T10:10:00Z,payment_service,40.32,53.94,74.3,206.44,0.0075
2026-03-01T10:10:00Z,database,39.43,46.17,46.21,166.68,0.0091
2026-03-01T10:10:00Z,cache,20.28,44.37,27.82,167.63,0.0012
2026-03-01T10:11:00Z,frontend,38.65,46.67,73.11,192.86,0.0037
2026-03-01T10:11:00Z,api_gateway,25.59,54.26,25.61,156.47,0.0097
2026-03-01T10:11:00Z,order_service,33.19,54.86,28.69,295.4,0.0055
2026-03-01T10:11:00Z,inventory_service,35.73,48.91,47.73,237.65,0.0063
2026-03-01T10:11:00Z,payment_service,21.14,40.62,72.52,218.35,0.0089
2026-03-01T10:11:00Z,database,26.93,38.76,48.18,237.55,0.0035
2026-03-01T10:11:00Z,cache,44.36,54.72,59.91,196.43,0.0054
2026-03-01T10:12:00Z,frontend,37.12,38.25,70.55,292.47,0.0082
2026-03-01T10:12:00Z,api_gateway,35.34,43.36,71.64,156.78,0.0087
2026-03-01T10:12:00Z,order_service,29.41,51.21,74.36,239.12,0.0015
2026-03-01T10:12:00Z,inventory_service,44.25,51.84,66.92,212.22,0.0047
2026-03-01T10:12:00Z,payment_service,21.41,52.29,65.65,299.5,0.01
2026-03-01T10:12:00Z,database,39.22,53.9,67.48,217.58,0.0025
2026-03-01T10:12:00Z,cache,43.85,47.12,36.43,242.72,0.0067
2026-03-01T10:13:00Z,frontend,22.84,48.43,51.02,228.02,0.0077
2026-03-01T10:13:00Z,api_gateway,33.8,46.22,68.83,170.1,0.004
2026-03-01T10:13:00Z,order_service,38.88,47.41,60.2,170.46,0.0021
2026-03-01T10:13:00Z,inventory_service,28.76,46.8,44.61,285.62,0.0044
2026-03-01T10:13:00Z,payment_service,32.85,50.67,44.83,279.35,0.0062
2026-03-01T10:13:00Z,database,23.68,53.53,49.61,218.87,0.0026
2026-03-01T10:13:00Z,cache,32.32,41.58,56.67,161.38,0.0024
2026-03-01T10:14:00Z,frontend,23.2,38.04,31.94,177.28,0.0064
2026-03-01T10:14:00Z,api_gateway,42.42,44.48,58.38,178.84,0.0017
2026-03-01T10:14:00Z,order_service,24.22,40.57,33.85,168.1,0.0009
2026-03-01T10:14:00Z,inventory_service,25.16,42.29,50.17,155.9,0.0069
2026-03-01T10:14:00Z,payment_service,35.7,36.64,68.68,159.16,0.0092
2026-03-01T10:14:00Z,database,40.16,49.97,34.23,205.57,0.0021
2026-03-01T10:14:00Z,cache,35.46,42.38,48.13,155.5,0.0075
2026-03-01T10:15:00Z,frontend,37.83,52.9,50.58,166.08,0.0053
2026-03-01T10:15:00Z,api_gateway,33.32,39.85,38.46,153.01,0.0038
2026-03-01T10:15:00Z,order_service,25.29,41.55,30.99,239.04,0.0089
2026-03-01T10:15:00Z,inventory_service,39.73,44.97,29.35,238.03,0.0054
2026-03-01T10:15:00Z,payment_service,30.79,37.55,39.19,246.89,0.0036
2026-03-01T10:15:00Z,database,28.9,54.73,55.29,165.27,0.0024
2026-03-01T10:15:00Z,cache,26.15,38.21,34.33,176.01,0.0029
2026-03-01T10:16:00Z,frontend,22.01,45.49,45.52,166.81,0.0098
2026-03-01T10:16:00Z,api_gateway,44.24,52.31,65.85,175.63,0.0026
2026-03-01T10:16:00Z,order_service,43.23,46.14,53.58,265.42,0.0028
2026-03-01T10:16:00Z,inventory_service,28.09,43.51,50.38,167.23,0.0024
2026-03-01T10:16:00Z,payment_service,27.22,46.62,32.72,229.89,0.0048
2026-03-01T10:16:00Z,database,28.42,37.69,28.17,198.35,0.0099
2026-03-01T10:16:00Z,cache,26.37,48.63,63.01,220.74,0.006
2026-03-01T10:17:00Z,frontend,28.72,53.59,66.53,168.64,0.0097
2026-03-01T10:17:00Z,api_gateway,43.46,38.62,28.32,236.17,0.0074
2026-03-01T10:17:00Z,order_service,23.49,50.91,35.08,174.64,0.0016
2026-03-01T10:17:00Z,inventory_service,36.63,45.46,42.94,208.87,0.0088
2026-03-01T10:17:00Z,payment_service,30.98,42.54,48.13,262.14,0.003
2026-03-01T10:17:00Z,database,25.81,52.99,44.19,285.97,0.0054
2026-03-01T10:17:00Z,cache,22.92,53.8,56.39,170.89,0.0033
2026-03-01T10:18:00Z,frontend,35.5,45.67,69.69,172.75,0.0079
2026-03-01T10:18:00Z,api_gateway,26.21,49.88,26.68,264.37,0.0057
2026-03-01T10:18:00Z,order_service,28.55,51.43,30.53,169.12,0.0085
2026-03-01T10:18:00Z,inventory_service,39.93,38.0,36.46,258.01,0.0072
2026-03-01T10:18:00Z,payment_service,37.35,45.85,37.59,177.24,0.0035
2026-03-01T10:18:00Z,database,34.58,43.02,48.1,173.0,0.0095
2026-03-01T10:18:00Z,cache,32.65,47.23,25.91,289.82,0.0087
2026-03-01T10:19:00Z,frontend,37.42,53.45,60.36,236.44,0.0015
2026-03-01T10:19:00Z,api_gateway,30.6,49.73,71.72,217.63,0.0093
2026-03-01T10:19:00Z,order_service,44.62,51.78,31.23,280.48,0.0092
2026-03-01T10:19:00Z,inventory_service,34.78,42.98,27.74,270.43,0.0034
2026-03-01T10:19:00Z,payment_service,28.34,42.96,51.87,201.95,0.0092
2026-03-01T10:19:00Z,database,38.44,44.04,36.23,171.13,0.0045
2026-03-01T10:19:00Z,cache,32.46,43.38,70.74,237.09,0.0036
2026-03-01T10:20:00Z,frontend,20.33,48.27,33.9,172.3,0.0096
2026-03-01T10:20:00Z,api_gateway,22.13,54.94,50.11,160.06,0.006
2026-03-01T10:20:00Z,order_service,25.25,52.96,35.26,155.48,0.0019
2026-03-01T10:20:00Z,inventory_service,34.12,36.31,63.78,228.66,0.0045
2026-03-01T10:20:00Z,payment_service,30.02,46.19,32.76,279.27,0.0018
2026-03-01T10:20:00Z,database,29.33,40.41,57.2,153.81,0.0041
2026-03-01T10:20:00Z,cache,37.9,48.18,26.35,184.66,0.0022
2026-03-01T10:21:00Z,frontend,20.49,37.08,65.0,247.91,0.0018
2026-03-01T10:21:00Z,api_gateway,22.49,39.86,61.11,274.53,0.0086
2026-03-01T10:21:00Z,order_service,36.7,39.1,39.66,151.95,0.009
2026-03-01T10:21:00Z,inventory_service,25.2,35.53,34.07,213.21,0.0058
2026-03-01T10:21:00Z,payment_service,40.44,41.84,37.97,238.54,0.0038
2026-03-01T10:21:00Z,database,35.6,43.19,52.6,194.17,0.0044
2026-03-01T10:21:00Z,cache,39.09,37.8,68.42,284.18,0.0049
2026-03-01T10:22:00Z,frontend,30.63,35.45,38.43,245.02,0.0054
2026-03-01T10:22:00Z,api_gateway,23.48,51.7,74.22,175.75,0.0053
2026-03-01T10:22:00Z,order_service,20.46,53.29,30.89,191.11,0.0058
2026-03-01T10:22:00Z,inventory_service,36.29,51.59,35.32,170.53,0.0001
2026-03-01T10:22:00Z,payment_service,41.85,46.95,55.03,176.31,0.0067
2026-03-01T10:22:00Z,database,30.47,42.66,50.95,174.94,0.0005
2026-03-01T10:22:00Z,cache,22.07,47.06,37.27,193.3,0.0039
2026-03-01T10:23:00Z,frontend,37.98,40.94,53.32,249.55,0.0048
2026-03-01T10:23:00Z,api_gateway,38.31,39.3,26.56,239.26,0.0026
2026-03-01T10:23:00Z,order_service,32.41,46.94,41.71,165.99,0.0077
2026-03-01T10:23:00Z,inventory_service,38.2,44.91,59.42,186.96,0.0043
2026-03-01T10:23:00Z,payment_service,39.99,48.89,38.61,204.15,0.0059
2026-03-01T10:23:00Z,database,42.93,37.74,72.51,177.77,0.0045
2026-03-01T10:23:00Z,cache,41.82,49.64,65.33,253.84,0.0066
2026-03-01T10:24:00Z,frontend,26.24,44.79,36.06,291.61,0.0099
2026-03-01T10:24:00Z,api_gateway,37.64,53.5,34.03,287.32,0.0057
2026-03-01T10:24:00Z,order_service,37.44,40.95,71.22,291.64,0.0097
2026-03-01T10:24:00Z,inventory_service,41.55,51.89,40.96,155.55,0.0083
2026-03-01T10:24:00Z,payment_service,25.75,37.41,28.85,200.98,0.007
2026-03-01T10:24:00Z,database,21.63,41.31,51.97,197.81,0.0079
2026-03-01T10:24:00Z,cache,42.15,47.32,36.65,280.51,0.0002
2026-03-01T10:25:00Z,frontend,41.87,45.58,71.95,299.69,0.008
2026-03-01T10:25:00Z,api_gateway,39.18,43.04,48.99,281.05,0.0063
2026-03-01T10:25:00Z,order_service,39.21,43.36,46.07,185.82,0.0074
2026-03-01T10:25:00Z,inventory_service,28.87,40.74,39.82,156.31,0.0023
2026-03-01T10:25:00Z,payment_service,44.69,43.56,44.22,182.74,0.0068
2026-03-01T10:25:00Z,database,39.66,36.79,45.88,291.71,0.0088
2026-03-01T10:25:00Z,cache,35.34,38.34,74.56,291.41,0.0023
2026-03-01T10:26:00Z,frontend,35.19,45.25,36.53,183.07,0.0018
2026-03-01T10:26:00Z,api_gateway,39.49,42.0,27.89,282.57,0.0097
2026-03-01T10:26:00Z,order_service,44.87,38.48,44.81,254.4,0.0076
2026-03-01T10:26:00Z,inventory_service,40.4,39.49,36.19,238.94,0.0054
2026-03-01T10:26:00Z,payment_service,22.29,52.55,38.28,283.31,0.0013
2026-03-01T10:26:00Z,database,41.55,51.19,57.76,163.05,0.0055
2026-03-01T10:26:00Z,cache,29.32,40.2,61.17,162.16,0.005
2026-03-01T10:27:00Z,frontend,37.08,36.52,67.56,222.09,0.005
2026-03-01T10:27:00Z,api_gateway,40.62,41.96,58.9,190.05,0.0057
2026-03-01T10:27:00Z,order_service,39.94,48.17,67.53,256.25,0.0087
2026-03-01T10:27:00Z,inventory_service,37.44,48.6,55.93,173.79,0.0075
2026-03-01T10:27:00Z,payment_service,41.8,35.58,66.29,200.27,0.0013
2026-03-01T10:27:00Z,database,24.02,51.36,66.61,150.96,0.0051
2026-03-01T10:27:00Z,cache,35.42,54.62,56.59,245.1,0.0026
2026-03-01T10:28:00Z,frontend,39.5,37.14,63.05,294.45,0.0054
2026-03-01T10:28:00Z,api_gateway,35.82,53.64,30.13,253.18,0.0094
2026-03-01T10:28:00Z,order_service,27.52,49.16,28.37,201.88,0.0058
2026-03-01T10:28:00Z,inventory_service,21.14,52.43,73.67,262.45,0.0097
2026-03-01T10:28:00Z,payment_service,38.96,35.49,26.11,223.3,0.0032
2026-03-01T10:28:00Z,database,37.08,43.92,38.68,213.93,0.01
2026-03-01T10:28:00Z,cache,24.09,50.9,59.68,162.36,0.0022
2026-03-01T10:29:00Z,frontend,36.36,40.47,72.54,214.85,0.0015
2026-03-01T10:29:00Z,api_gateway,30.49,47.77,44.88,297.6,0.0027
2026-03-01T10:29:00Z,order_service,42.35,39.6,35.66,247.75,0.0003
2026-03-01T10:29:00Z,inventory_service,41.61,44.46,73.41,280.29,0.0019
2026-03-01T10:29:00Z,payment_service,39.27,51.9,63.05,169.69,0.0063
2026-03-01T10:29:00Z,database,43.02,47.33,64.83,167.6,0.0048
2026-03-01T10:29:00Z,cache,37.14,43.61,35.03,159.63,0.0049
2026-03-01T10:30:00Z,frontend,26.72,50.95,40.52,151.74,0.0046
2026-03-01T10:30:00Z,api_gateway,29.81,44.6,55.0,254.25,0.0029
2026-03-01T10:30:00Z,order_service,39.5,35.79,49.03,186.31,0.001
2026-03-01T10:30:00Z,inventory_service,23.56,44.98,55.91,233.95,0.007
2026-03-01T10:30:00Z,payment_service,28.16,45.35,29.39,154.98,0.0035
2026-03-01T10:30:00Z,database,29.92,37.65,53.38,270.09,0.0069
2026-03-01T10:30:00Z,cache,24.19,37.09,56.82,154.74,0.0071
2026-03-01T10:31:00Z,frontend,21.3,45.83,60.45,257.11,0.0087
2026-03-01T10:31:00Z,api_gateway,28.49,51.3,29.01,232.14,0.0089
2026-03-01T10:31:00Z,order_service,31.31,47.87,51.32,162.24,0.0073
2026-03-01T10:31:00Z,inventory_service,26.18,38.19,68.59,296.38,0.0022
2026-03-01T10:31:00Z,payment_service,24.55,50.79,57.94,233.3,0.005
2026-03-01T10:31:00Z,database,25.71,54.93,73.74,179.93,0.0065
2026-03-01T10:31:00Z,cache,21.8,35.61,37.88,280.24,0.0046
2026-03-01T10:32:00Z,frontend,38.57,43.51,42.3,298.15,0.0037
2026-03-01T10:32:00Z,api_gateway,41.68,46.57,46.93,223.0,0.0073
2026-03-01T10:32:00Z,order_service,42.52,43.43,38.84,286.85,0.0059
2026-03-01T10:32:00Z,inventory_service,35.57,47.63,61.66,257.37,0.0013
2026-03-01T10:32:00Z,payment_service,24.49,39.75,73.57,278.16,0.0018
2026-03-01T10:32:00Z,database,26.18,52.41,47.27,203.89,0.0051
2026-03-01T10:32:00Z,cache,24.09,42.82,73.47,248.51,0.0026
2026-03-01T10:33:00Z,frontend,39.34,37.62,73.49,185.41,0.0045
2026-03-01T10:33:00Z,api_gateway,24.24,45.4,41.85,214.63,0.0083
2026-03-01T10:33:00Z,order_service,35.43,49.14,33.35,155.5,0.0017
2026-03-01T10:33:00Z,inventory_service,36.6,44.49,67.21,237.8,0.0081
2026-03-01T10:33:00Z,payment_service,25.15,37.24,38.49,229.68,0.0006
2026-03-01T10:33:00Z,database,20.98,37.44,47.61,197.42,0.0093
2026-03-01T10:33:00Z,cache,21.04,37.97,74.33,150.74,0.0097
2026-03-01T10:34:00Z,frontend,35.98,52.36,47.74,223.33,0.0052
2026-03-01T10:34:00Z,api_gateway,23.49,35.6,40.4,180.28,0.007
2026-03-01T10:34:00Z,order_service,44.25,36.88,58.63,280.22,0.0044
2026-03-01T10:34:00Z,inventory_service,37.32,51.76,72.23,224.58,0.0068
2026-03-01T10:34:00Z,payment_service,41.72,46.41,26.52,253.43,0.0093
2026-03-01T10:34:00Z,database,25.39,48.18,44.69,165.99,0.0065
2026-03-01T10:34:00Z,cache,44.99,35.96,73.86,280.61,0.0041
2026-03-01T10:35:00Z,frontend,34.18,49.77,68.93,199.05,0.004
2026-03-01T10:35:00Z,api_gateway,40.2,50.25,64.89,272.68,0.0044
2026-03-01T10:35:00Z,order_service,33.61,35.12,41.23,209.43,0.0037
2026-03-01T10:35:00Z,inventory_service,29.71,43.97,36.88,184.09,0.0037
2026-03-01T10:35:00Z,payment_service,35.09,48.36,55.97,206.97,0.0046
2026-03-01T10:35:00Z,database,32.98,44.58,26.28,207.03,0.0034
2026-03-01T10:35:00Z,cache,34.5,45.67,55.4,271.95,0.0076
2026-03-01T10:36:00Z,frontend,43.89,35.36,34.79,247.12,0.0001
2026-03-01T10:36:00Z,api_gateway,26.09,53.54,28.01,202.74,0.0093
2026-03-01T10:36:00Z,order_service,32.15,40.14,39.24,270.45,0.0031
2026-03-01T10:36:00Z,inventory_service,27.78,47.21,60.81,212.03,0.0027
2026-03-01T10:36:00Z,payment_service,24.53,48.62,34.07,256.36,0.0053
2026-03-01T10:36:00Z,database,34.18,40.13,73.15,270.9,0.0048
2026-03-01T10:36:00Z,cache,21.09,47.66,72.57,272.88,0.006
2026-03-01T10:37:00Z,frontend,25.7,39.24,55.55,275.98,0.0041
2026-03-01T10:37:00Z,api_gateway,28.84,39.74,64.03,273.39,0.0027
2026-03-01T10:37:00Z,order_service,36.69,36.91,56.19,237.99,0.0045
2026-03-01T10:37:00Z,inventory_service,38.42,52.26,35.84,153.55,0.001
2026-03-01T10:37:00Z,payment_service,35.18,45.93,36.6,239.17,0.0039
2026-03-01T10:37:00Z,database,44.69,37.73,59.76,214.23,0.004
2026-03-01T10:37:00Z,cache,37.31,54.83,31.42,258.65,0.001
2026-03-01T10:38:00Z,frontend,26.85,36.59,29.28,178.78,0.0089
2026-03-01T10:38:00Z,api_gateway,25.67,42.1,28.47,160.14,0.0052
2026-03-01T10:38:00Z,order_service,25.84,45.8,69.0,229.94,0.0065
2026-03-01T10:38:00Z,inventory_service,28.33,48.39,74.71,233.67,0.0066
2026-03-01T10:38:00Z,payment_service,31.63,36.2,53.11,176.3,0.0096
2026-03-01T10:38:00Z,database,25.02,45.72,29.83,263.42,0.0045
2026-03-01T10:38:00Z,cache,36.62,50.91,71.36,209.9,0.0023
2026-03-01T10:39:00Z,frontend,44.81,53.54,52.0,228.14,0.0084
2026-03-01T10:39:00Z,api_gateway,22.23,50.11,31.39,267.3,0.0083
2026-03-01T10:39:00Z,order_service,20.9,41.06,38.16,163.15,0.0036
2026-03-01T10:39:00Z,inventory_service,33.85,41.11,44.85,240.09,0.0045
2026-03-01T10:39:00Z,payment_service,42.98,44.94,74.61,181.28,0.0085
2026-03-01T10:39:00Z,database,22.91,51.35,44.03,280.21,0.0088
2026-03-01T10:39:00Z,cache,39.75,41.09,29.05,176.03,0.004
2026-03-01T10:40:00Z,frontend,28.65,54.51,57.05,169.88,0.0082
2026-03-01T10:40:00Z,api_gateway,43.07,44.74,55.31,176.23,0.0076
2026-03-01T10:40:00Z,order_service,29.97,37.93,43.38,153.87,0.0007
2026-03-01T10:40:00Z,inventory_service,44.08,45.99,73.29,196.77,0.0043
2026-03-01T10:40:00Z,payment_service,30.99,37.11,57.04,242.94,0.0022
2026-03-01T10:40:00Z,database,85.75,88.34,2183.68,158.72,0.2098
2026-03-01T10:40:00Z,cache,23.56,37.43,40.16,253.82,0.001
2026-03-01T10:41:00Z,frontend,32.74,54.93,65.7,195.94,0.0062
2026-03-01T10:41:00Z,api_gateway,33.18,43.52,31.54,217.47,0.0089
2026-03-01T10:41:00Z,order_service,29.19,43.28,66.38,265.4,0.0073
2026-03-01T10:41:00Z,inventory_service,30.4,44.63,25.96,264.04,0.0026
2026-03-01T10:41:00Z,payment_service,33.38,39.3,25.61,296.38,0.0024
2026-03-01T10:41:00Z,database,86.28,85.86,1350.05,218.16,0.2312
2026-03-01T10:41:00Z,cache,38.43,44.52,43.79,218.92,0.0039
2026-03-01T10:42:00Z,frontend,42.3,54.11,64.35,253.22,0.0032
2026-03-01T10:42:00Z,api_gateway,26.37,51.82,26.92,219.22,0.009
2026-03-01T10:42:00Z,order_service,36.48,52.9,1465.19,160.0,0.4212
2026-03-01T10:42:00Z,inventory_service,32.81,48.6,1378.38,257.45,0.2036
2026-03-01T10:42:00Z,payment_service,43.91,49.75,42.66,202.46,0.003
2026-03-01T10:42:00Z,database,88.45,80.25,1282.17,249.05,0.392
2026-03-01T10:42:00Z,cache,27.39,50.38,56.23,180.85,0.0038
2026-03-01T10:43:00Z,frontend,35.38,50.49,2278.59,156.29,0.4025
2026-03-01T10:43:00Z,api_gateway,44.5,47.04,1540.91,271.77,0.4184
2026-03-01T10:43:00Z,order_service,43.2,39.49,2337.38,215.91,0.2722
2026-03-01T10:43:00Z,inventory_service,23.04,38.95,2247.51,192.89,0.454
2026-03-01T10:43:00Z,payment_service,42.97,40.04,62.75,276.3,0.0046
2026-03-01T10:43:00Z,database,85.56,81.98,1331.73,297.7,0.3315
2026-03-01T10:43:00Z,cache,40.44,39.27,50.29,259.92,0.0084
2026-03-01T10:44:00Z,frontend,34.76,45.17,2099.92,253.33,0.5664
2026-03-01T10:44:00Z,api_gateway,24.0,44.23,1509.1,258.97,0.4405
2026-03-01T10:44:00Z,order_service,40.0,39.08,1690.92,242.4,0.4351
2026-03-01T10:44:00Z,inventory_service,33.86,35.1,2353.88,261.86,0.3104
2026-03-01T10:44:00Z,payment_service,28.17,37.98,40.28,299.45,0.0088
2026-03-01T10:44:00Z,database,94.04,80.04,1819.59,208.73,0.2389
2026-03-01T10:44:00Z,cache,39.85,36.86,54.41,246.35,0.0048
2026-03-01T10:45:00Z,frontend,34.5,46.23,1696.8,251.47,0.5888
2026-03-01T10:45:00Z,api_gateway,32.46,36.54,2267.48,267.73,0.481
2026-03-01T10:45:00Z,order_service,31.0,37.95,1958.05,163.29,0.4207
2026-03-01T10:45:00Z,inventory_service,44.96,53.66,1430.17,245.43,0.323
2026-03-01T10:45:00Z,payment_service,41.0,42.68,53.59,177.67,0.0059
2026-03-01T10:45:00Z,database,88.88,91.29,1459.3,190.96,0.2574
2026-03-01T10:45:00Z,cache,41.82,51.84,34.31,218.73,0.008
2026-03-01T10:46:00Z,frontend,23.34,36.61,2242.06,215.53,0.3556
2026-03-01T10:46:00Z,api_gateway,35.26,37.71,1462.76,293.49,0.3988
2026-03-01T10:46:00Z,order_service,26.54,39.94,1794.71,190.79,0.433
2026-03-01T10:46:00Z,inventory_service,21.63,44.75,1885.66,285.97,0.3233
2026-03-01T10:46:00Z,payment_service,28.68,53.0,26.09,294.51,0.0066
2026-03-01T10:46:00Z,database,88.33,87.85,1398.1,259.62,0.2913
2026-03-01T10:46:00Z,cache,31.6,54.44,55.43,167.11,0.0035
2026-03-01T10:47:00Z,frontend,25.63,40.02,2346.15,228.51,0.553
2026-03-01T10:47:00Z,api_gateway,21.69,49.16,1582.35,218.75,0.631
2026-03-01T10:47:00Z,order_service,41.25,48.38,1368.5,247.65,0.3538
2026-03-01T10:47:00Z,inventory_service,40.16,44.18,1481.18,180.2,0.2991
2026-03-01T10:47:00Z,payment_service,38.92,45.39,35.24,281.94,0.0088
2026-03-01T10:47:00Z,database,91.03,90.91,1738.7,154.08,0.2745
2026-03-01T10:47:00Z,cache,22.64,48.14,66.11,266.34,0.0038
2026-03-01T10:48:00Z,frontend,25.09,45.47,2277.71,236.64,0.4386
2026-03-01T10:48:00Z,api_gateway,42.88,45.66,2342.9,268.99,0.6172
2026-03-01T10:48:00Z,order_service,26.92,54.67,2019.72,177.63,0.2456
2026-03-01T10:48:00Z,inventory_service,31.01,47.31,2363.84,270.54,0.3253
2026-03-01T10:48:00Z,payment_service,44.6,48.36,56.73,282.29,0.0017
2026-03-01T10:48:00Z,database,86.03,88.78,1387.41,257.9,0.3645
2026-03-01T10:48:00Z,cache,40.48,45.82,60.51,220.68,0.0031
2026-03-01T10:49:00Z,frontend,31.48,42.16,2183.22,200.28,0.5891
2026-03-01T10:49:00Z,api_gateway,22.52,39.8,2116.26,217.55,0.5173
2026-03-01T10:49:00Z,order_service,28.81,51.83,2043.8,245.12,0.2975
2026-03-01T10:49:00Z,inventory_service,37.16,36.39,1607.2,184.08,0.3929
2026-03-01T10:49:00Z,payment_service,37.35,45.25,40.27,154.98,0.0021
2026-03-01T10:49:00Z,database,88.38,90.89,1870.73,268.27,0.2901
2026-03-01T10:49:00Z,cache,22.77,43.94,48.02,232.0,0.0086
2026-03-01T10:50:00Z,frontend,44.42,37.21,1708.04,260.99,0.6004
2026-03-01T10:50:00Z,api_gateway,27.31,53.22,2199.34,152.7,0.4067
2026-03-01T10:50:00Z,order_service,40.73,40.63,1406.19,255.55,0.2726
2026-03-01T10:50:00Z,inventory_service,20.31,44.38,2117.51,194.59,0.2144
2026-03-01T10:50:00Z,payment_service,42.57,52.05,58.39,283.85,0.0059
2026-03-01T10:50:00Z,database,96.12,86.26,1263.64,237.42,0.3578
2026-03-01T10:50:00Z,cache,34.97,37.3,29.69,250.38,0.0091
2026-03-01T10:51:00Z,frontend,41.97,46.44,2251.27,197.54,0.5107
2026-03-01T10:51:00Z,api_gateway,42.31,43.87,1661.18,238.75,0.4793
2026-03-01T10:51:00Z,order_service,22.61,42.69,2117.95,292.58,0.3519
2026-03-01T10:51:00Z,inventory_service,35.85,36.42,1454.03,220.87,0.283
2026-03-01T10:51:00Z,payment_service,44.29,41.63,49.1,241.62,0.002
2026-03-01T10:51:00Z,database,86.4,84.07,2002.59,182.86,0.293
2026-03-01T10:51:00Z,cache,32.82,40.87,71.59,163.06,0.004
2026-03-01T10:52:00Z,frontend,22.85,41.9,2492.1,224.03,0.346
2026-03-01T10:52:00Z,api_gateway,26.87,42.89,2068.7,286.14,0.4083
2026-03-01T10:52:00Z,order_service,40.59,54.1,1583.37,245.46,0.2179
2026-03-01T10:52:00Z,inventory_service,35.09,48.73,1433.13,218.44,0.3257
2026-03-01T10:52:00Z,payment_service,38.78,36.42,29.01,291.26,0.0035
2026-03-01T10:52:00Z,database,92.96,90.48,1923.97,245.41,0.1801
2026-03-01T10:52:00Z,cache,42.56,36.33,51.7,151.76,0.0014
2026-03-01T10:53:00Z,frontend,27.38,44.72,1777.48,168.45,0.5552
2026-03-01T10:53:00Z,api_gateway,36.31,51.91,1736.94,250.94,0.5761
2026-03-01T10:53:00Z,order_service,31.16,50.97,1650.75,287.5,0.3747
2026-03-01T10:53:00Z,inventory_service,29.28,47.02,1773.58,206.18,0.2428
2026-03-01T10:53:00Z,payment_service,42.25,41.92,32.72,246.87,0.0003
2026-03-01T10:53:00Z,database,89.74,82.61,2188.04,251.57,0.2635
2026-03-01T10:53:00Z,cache,37.21,37.81,49.28,225.82,0.0003
2026-03-01T10:54:00Z,frontend,29.61,35.78,2231.83,174.0,0.4605
2026-03-01T10:54:00Z,api_gateway,27.23,53.0,2063.24,197.1,0.5893
2026-03-01T10:54:00Z,order_service,44.6,40.77,1895.55,207.83,0.2462
2026-03-01T10:54:00Z,inventory_service,33.84,45.83,1585.27,216.07,0.2584
2026-03-01T10:54:00Z,payment_service,21.44,41.85,38.51,233.66,0.0097
2026-03-01T10:54:00Z,database,97.92,90.56,1823.41,223.33,0.2923
2026-03-01T10:54:00Z,cache,35.52,39.03,44.76,221.33,0.0004
2026-03-01T10:55:00Z,frontend,25.69,54.28,1543.72,230.01,0.5767
2026-03-01T10:55:00Z,api_gateway,23.12,50.88,1908.94,291.61,0.6433
2026-03-01T10:55:00Z,order_service,32.09,52.27,2137.98,192.87,0.316
2026-03-01T10:55:00Z,inventory_service,32.78,44.85,2210.27,297.11,0.4294
2026-03-01T10:55:00Z,payment_service,34.34,54.12,35.02,278.09,0.0011
2026-03-01T10:55:00Z,database,93.15,91.12,1219.12,217.25,0.2692
2026-03-01T10:55:00Z,cache,37.19,49.45,59.63,194.91,0.0013
2026-03-01T10:56:00Z,frontend,40.11,40.58,35.54,151.33,0.0096
2026-03-01T10:56:00Z,api_gateway,36.92,51.57,39.73,260.68,0.0001
2026-03-01T10:56:00Z,order_service,38.51,37.86,62.67,248.78,0.0077
2026-03-01T10:56:00Z,inventory_service,41.15,47.27,29.43,161.65,0.0049
2026-03-01T10:56:00Z,payment_service,30.18,36.32,42.44,271.24,0.0011
2026-03-01T10:56:00Z,database,21.81,54.1,51.13,161.53,0.003
2026-03-01T10:56:00Z,cache,39.86,49.14,27.51,210.43,0.0007
2026-03-01T10:57:00Z,frontend,25.81,40.62,65.17,210.77,0.0093
2026-03-01T10:57:00Z,api_gateway,28.04,44.53,36.3,296.85,0.0064
2026-03-01T10:57:00Z,order_service,28.95,47.96,31.15,225.46,0.0089
2026-03-01T10:57:00Z,inventory_service,34.65,47.5,28.59,186.29,0.0068
2026-03-01T10:57:00Z,payment_service,40.56,51.08,52.63,171.43,0.0052
2026-03-01T10:57:00Z,database,26.79,44.93,39.21,244.43,0.0013
2026-03-01T10:57:00Z,cache,38.72,41.35,25.01,157.03,0.0051
2026-03-01T10:58:00Z,frontend,37.67,36.25,66.97,187.02,0.0
2026-03-01T10:58:00Z,api_gateway,27.91,37.04,43.01,276.41,0.0027
2026-03-01T10:58:00Z,order_service,39.72,52.84,46.69,206.6,0.0091
2026-03-01T10:58:00Z,inventory_service,22.23,48.74,49.69,244.91,0.0039
2026-03-01T10:58:00Z,payment_service,20.11,38.34,60.65,294.91,0.0067
2026-03-01T10:58:00Z,database,43.77,49.05,39.9,267.27,0.0011
2026-03-01T10:58:00Z,cache,21.2,42.2,72.84,214.91,0.005
2026-03-01T10:59:00Z,frontend,25.22,42.37,43.49,265.14,0.0005
2026-03-01T10:59:00Z,api_gateway,40.55,52.01,35.6,220.84,0.0066
2026-03-01T10:59:00Z,order_service,25.39,48.56,55.39,170.49,0.003
2026-03-01T10:59:00Z,inventory_service,38.46,41.31,57.24,256.98,0.004
2026-03-01T10:59:00Z,payment_service,42.26,40.75,43.39,166.73,0.0006
2026-03-01T10:59:00Z,database,26.69,51.71,25.73,200.6,0.0038
2026-03-01T10:59:00Z,cache,23.11,43.27,49.64,229.64,0.004
2026-03-01T11:00:00Z,frontend,20.25,44.28,73.17,251.63,0.0052
2026-03-01T11:00:00Z,api_gateway,39.35,50.46,51.06,168.83,0.0098
2026-03-01T11:00:00Z,order_service,39.25,51.14,31.01,152.63,0.0027
2026-03-01T11:00:00Z,inventory_service,39.33,45.36,42.4,150.2,0.0037
2026-03-01T11:00:00Z,payment_service,36.16,54.48,67.35,284.78,0.0002
2026-03-01T11:00:00Z,database,39.51,44.16,44.9,159.85,0.003
2026-03-01T11:00:00Z,cache,26.17,44.68,62.37,158.68,0.0047
2026-03-01T11:01:00Z,frontend,43.57,50.7,74.57,294.42,0.0054
2026-03-01T11:01:00Z,api_gateway,29.14,39.51,34.79,243.36,0.0014
2026-03-01T11:01:00Z,order_service,34.46,37.94,65.56,208.22,0.0064
2026-03-01T11:01:00Z,inventory_service,26.5,41.9,70.87,220.5,0.0029
2026-03-01T11:01:00Z,payment_service,37.69,36.24,32.37,244.64,0.0001
2026-03-01T11:01:00Z,database,23.36,54.16,51.48,225.09,0.0024
2026-03-01T11:01:00Z,cache,21.91,40.49,65.35,231.99,0.0046
2026-03-01T11:02:00Z,frontend,21.1,38.31,47.28,157.5,0.0021
2026-03-01T11:02:00Z,api_gateway,44.53,50.86,67.69,294.09,0.0024
2026-03-01T11:02:00Z,order_service,43.79,54.9,60.59,235.43,0.0098
2026-03-01T11:02:00Z,inventory_service,30.92,46.87,28.65,297.18,0.0062
2026-03-01T11:02:00Z,payment_service,39.81,53.16,72.19,228.22,0.0096
2026-03-01T11:02:00Z,database,38.93,38.23,48.85,187.1,0.0072
2026-03-01T11:02:00Z,cache,36.67,38.25,53.25,224.83,0.0077
2026-03-01T11:03:00Z,frontend,20.23,42.14,71.31,245.15,0.0023
2026-03-01T11:03:00Z,api_gateway,28.04,51.96,61.44,214.31,0.001
2026-03-01T11:03:00Z,order_service,32.02,48.25,30.93,209.68,0.0029
2026-03-01T11:03:00Z,inventory_service,44.83,35.9,63.05,208.87,0.0037
2026-03-01T11:03:00Z,payment_service,42.96,54.02,53.86,268.13,0.0036
2026-03-01T11:03:00Z,database,34.1,42.17,57.83,178.74,0.0024
2026-03-01T11:03:00Z,cache,22.55,45.12,36.04,155.4,0.0004
2026-03-01T11:04:00Z,frontend,41.67,40.65,72.52,215.49,0.0058
2026-03-01T11:04:00Z,api_gateway,32.92,50.18,39.12,284.11,0.0035
2026-03-01T11:04:00Z,order_service,42.31,43.39,64.02,224.63,0.0048
2026-03-01T11:04:00Z,inventory_service,34.78,38.72,41.58,181.06,0.0086
2026-03-01T11:04:00Z,payment_service,21.73,53.82,50.35,271.63,0.0041
2026-03-01T11:04:00Z,database,28.3,48.87,63.56,172.74,0.0065
2026-03-01T11:04:00Z,cache,33.48,40.65,46.26,169.18,0.0004
2026-03-01T11:05:00Z,frontend,20.0,43.33,51.13,295.96,0.0005
2026-03-01T11:05:00Z,api_gateway,27.6,41.08,36.52,259.4,0.0
2026-03-01T11:05:00Z,order_service,25.61,48.26,62.09,213.39,0.0085
2026-03-01T11:05:00Z,inventory_service,28.13,49.25,65.84,205.64,0.0018
2026-03-01T11:05:00Z,payment_service,40.17,54.7,62.71,238.6,0.0039
2026-03-01T11:05:00Z,database,21.96,45.89,60.47,267.09,0.0017
2026-03-01T11:05:00Z,cache,43.81,35.85,38.27,194.48,0.006
2026-03-01T11:06:00Z,frontend,38.98,37.05,50.69,205.39,0.0051
2026-03-01T11:06:00Z,api_gateway,40.69,48.94,60.72,288.15,0.0046
2026-03-01T11:06:00Z,order_service,38.22,52.23,38.7,179.29,0.0081
2026-03-01T11:06:00Z,inventory_service,28.39,54.57,67.83,259.06,0.007
2026-03-01T11:06:00Z,payment_service,43.68,44.93,44.03,267.93,0.0016
2026-03-01T11:06:00Z,database,29.61,35.5,66.95,255.55,0.0001
2026-03-01T11:06:00Z,cache,30.94,39.7,60.24,231.96,0.0082
2026-03-01T11:07:00Z,frontend,21.29,45.1,60.92,176.89,0.0086
2026-03-01T11:07:00Z,api_gateway,33.82,42.93,31.59,173.59,0.0087
2026-03-01T11:07:00Z,order_service,27.25,52.43,58.64,187.57,0.008
2026-03-01T11:07:00Z,inventory_service,34.29,51.66,70.3,251.1,0.0001
2026-03-01T11:07:00Z,payment_service,33.72,40.75,40.34,243.19,0.0035
2026-03-01T11:07:00Z,database,38.32,43.09,28.42,192.86,0.0078
2026-03-01T11:07:00Z,cache,37.14,41.65,27.83,291.67,0.0037
2026-03-01T11:08:00Z,frontend,36.79,47.65,34.95,262.64,0.0042
2026-03-01T11:08:00Z,api_gateway,26.95,40.53,46.6,160.13,0.0098
2026-03-01T11:08:00Z,order_service,24.48,54.41,30.67,260.68,0.004
2026-03-01T11:08:00Z,inventory_service,30.57,41.93,44.88,180.8,0.0026
2026-03-01T11:08:00Z,payment_service,26.71,40.75,57.84,240.55,0.0097
2026-03-01T11:08:00Z,database,21.89,54.03,39.86,239.86,0.0009
2026-03-01T11:08:00Z,cache,36.21,40.35,25.76,187.63,0.0097
2026-03-01T11:09:00Z,frontend,37.67,47.2,40.65,239.65,0.0027
2026-03-01T11:09:00Z,api_gateway,43.67,37.12,32.74,260.48,0.0094
2026-03-01T11:09:00Z,order_service,25.07,46.75,60.06,211.22,0.0068
2026-03-01T11:09:00Z,inventory_service,34.57,40.06,47.51,209.86,0.0096
2026-03-01T11:09:00Z,payment_service,24.71,48.45,73.85,151.25,0.001
2026-03-01T11:09:00Z,database,22.32,49.97,70.73,188.81,0.0043
2026-03-01T11:09:00Z,cache,38.09,35.18,54.47,245.65,0.0061
2026-03-01T11:10:00Z,frontend,37.85,36.83,34.96,260.81,0.0088
2026-03-01T11:10:00Z,api_gateway,26.21,39.29,38.54,159.38,0.0025
2026-03-01T11:10:00Z,order_service,38.32,47.13,58.64,292.72,0.0008
2026-03-01T11:10:00Z,inventory_service,40.13,51.46,71.64,180.04,0.0054
2026-03-01T11:10:00Z,payment_service,38.57,49.76,51.07,205.67,0.0007
2026-03-01T11:10:00Z,database,34.61,45.77,38.44,284.3,0.0037
2026-03-01T11:10:00Z,cache,39.68,44.09,56.51,255.82,0.0025
2026-03-01T11:11:00Z,frontend,31.06,47.99,71.81,273.71,0.0006
2026-03-01T11:11:00Z,api_gateway,31.1,35.44,40.05,158.43,0.005
2026-03-01T11:11:00Z,order_service,43.18,37.11,63.22,248.28,0.0041
2026-03-01T11:11:00Z,inventory_service,23.99,38.21,28.52,249.63,0.0019
2026-03-01T11:11:00Z,payment_service,40.35,48.7,30.52,196.47,0.0029
2026-03-01T11:11:00Z,database,32.88,45.71,42.84,274.28,0.0035
2026-03-01T11:11:00Z,cache,27.69,53.28,72.64,203.16,0.0033
2026-03-01T11:12:00Z,frontend,43.53,52.53,30.13,233.01,0.0039
2026-03-01T11:12:00Z,api_gateway,24.85,52.18,58.85,278.81,0.0084
2026-03-01T11:12:00Z,order_service,30.98,47.21,33.02,176.89,0.0067
2026-03-01T11:12:00Z,inventory_service,25.74,37.35,33.26,257.81,0.0
2026-03-01T11:12:00Z,payment_service,32.87,38.23,29.18,174.86,0.0002
2026-03-01T11:12:00Z,database,26.04,42.09,30.27,227.88,0.0022
2026-03-01T11:12:00Z,cache,26.13,36.15,44.55,182.93,0.0023
2026-03-01T11:13:00Z,frontend,35.41,46.14,45.79,231.14,0.0043
2026-03-01T11:13:00Z,api_gateway,37.55,38.43,50.01,280.58,0.0041
2026-03-01T11:13:00Z,order_service,33.31,37.31,55.28,200.58,0.0012
2026-03-01T11:13:00Z,inventory_service,37.3,39.13,44.59,180.65,0.009
2026-03-01T11:13:00Z,payment_service,30.48,35.36,64.64,221.14,0.0007
2026-03-01T11:13:00Z,database,35.71,48.77,37.66,258.52,0.0001
2026-03-01T11:13:00Z,cache,40.9,51.43,67.17,200.04,0.0049
2026-03-01T11:14:00Z,frontend,31.28,38.67,67.75,219.95,0.0088
2026-03-01T11:14:00Z,api_gateway,29.7,51.07,70.09,160.05,0.002
2026-03-01T11:14:00Z,order_service,29.74,45.84,73.4,247.25,0.0007
2026-03-01T11:14:00Z,inventory_service,29.39,51.08,46.67,233.86,0.01
2026-03-01T11:14:00Z,payment_service,25.5,42.01,43.63,205.44,0.0007
2026-03-01T11:14:00Z,database,38.07,48.13,60.44,182.65,0.0001
2026-03-01T11:14:00Z,cache,32.1,35.11,65.22,232.26,0.0077
2026-03-01T11:15:00Z,frontend,39.16,46.67,64.1,270.45,0.0075
2026-03-01T11:15:00Z,api_gateway,23.51,48.42,56.02,175.48,0.0074
2026-03-01T11:15:00Z,order_service,42.26,50.0,70.41,239.57,0.0076
2026-03-01T11:15:00Z,inventory_service,42.23,46.58,56.62,221.09,0.0016
2026-03-01T11:15:00Z,payment_service,26.77,39.05,40.69,182.24,0.0024
2026-03-01T11:15:00Z,database,42.7,45.14,34.4,254.42,0.0008
2026-03-01T11:15:00Z,cache,40.55,48.19,64.81,253.85,0.0027
2026-03-01T11:16:00Z,frontend,43.48,47.73,41.23,178.64,0.0027
2026-03-01T11:16:00Z,api_gateway,25.47,46.91,38.23,272.24,0.0066
2026-03-01T11:16:00Z,order_service,39.02,38.75,29.42,205.25,0.007
2026-03-01T11:16:00Z,inventory_service,20.78,40.19,26.68,186.51,0.0088
2026-03-01T11:16:00Z,payment_service,20.97,48.34,41.15,283.22,0.009
2026-03-01T11:16:00Z,database,42.52,54.92,66.27,187.35,0.0084
2026-03-01T11:16:00Z,cache,21.68,36.9,74.94,262.23,0.0033
2026-03-01T11:17:00Z,frontend,41.45,54.95,37.07,211.68,0.0004
2026-03-01T11:17:00Z,api_gateway,20.56,42.21,64.19,196.92,0.0057
2026-03-01T11:17:00Z,order_service,25.8,35.29,63.22,264.35,0.0062
2026-03-01T11:17:00Z,inventory_service,40.93,47.39,53.17,279.66,0.0062
2026-03-01T11:17:00Z,payment_service,34.52,54.81,62.84,256.11,0.0044
2026-03-01T11:17:00Z,database,25.72,46.94,71.41,201.29,0.0093
2026-03-01T11:17:00Z,cache,25.29,54.91,74.06,270.66,0.0065
2026-03-01T11:18:00Z,frontend,34.83,36.07,47.74,251.63,0.0067
2026-03-01T11:18:00Z,api_gateway,43.54,38.35,50.02,254.57,0.0069
2026-03-01T11:18:00Z,order_service,26.88,38.12,56.8,176.9,0.006
2026-03-01T11:18:00Z,inventory_service,31.38,48.36,66.87,152.87,0.0017
2026-03-01T11:18:00Z,payment_service,35.24,48.99,66.91,294.14,0.008
2026-03-01T11:18:00Z,database,32.21,43.04,32.68,191.55,0.0057
2026-03-01T11:18:00Z,cache,34.58,46.86,42.75,154.76,0.0005
2026-03-01T11:19:00Z,frontend,22.11,47.14,69.05,248.86,0.0088
2026-03-01T11:19:00Z,api_gateway,41.57,52.72,34.83,192.98,0.0074
2026-03-01T11:19:00Z,order_service,44.93,35.6,69.87,296.01,0.0062
2026-03-01T11:19:00Z,inventory_service,41.18,36.25,41.76,296.3,0.0007
2026-03-01T11:19:00Z,payment_service,41.31,53.76,29.26,160.66,0.0039
2026-03-01T11:19:00Z,database,25.73,44.38,38.43,175.12,0.001
2026-03-01T11:19:00Z,cache,44.33,50.19,73.39,191.76,0.0044
2026-03-01T11:20:00Z,frontend,28.16,40.99,36.63,188.47,0.0013
2026-03-01T11:20:00Z,api_gateway,36.85,36.25,35.53,172.04,0.0081
2026-03-01T11:20:00Z,order_service,41.62,38.1,29.14,195.36,0.0048
2026-03-01T11:20:00Z,inventory_service,40.1,37.74,54.03,171.61,0.0051
2026-03-01T11:20:00Z,payment_service,71.03,44.76,1093.03,195.97,0.6605
2026-03-01T11:20:00Z,database,38.13,46.49,58.36,279.33,0.0078
2026-03-01T11:20:00Z,cache,33.45,51.8,74.47,205.72,0.0089
2026-03-01T11:21:00Z,frontend,32.23,49.83,49.63,275.73,0.0048
2026-03-01T11:21:00Z,api_gateway,41.49,43.14,41.41,264.37,0.0045
2026-03-01T11:21:00Z,order_service,24.91,54.03,1022.37,236.9,0.5934
2026-03-01T11:21:00Z,inventory_service,33.82,42.44,58.08,235.63,0.0014
2026-03-01T11:21:00Z,payment_service,87.46,39.37,1199.88,192.86,0.5501
2026-03-01T11:21:00Z,database,29.36,50.95,43.37,233.52,0.0009
2026-03-01T11:21:00Z,cache,39.9,38.5,58.64,182.73,0.0022
2026-03-01T11:22:00Z,frontend,26.24,40.26,25.03,268.89,0.4001
2026-03-01T11:22:00Z,api_gateway,23.8,44.17,42.56,222.92,0.258
2026-03-01T11:22:00Z,order_service,27.29,39.15,965.87,220.21,0.6282
2026-03-01T11:22:00Z,inventory_service,32.18,43.6,54.85,265.42,0.01
2026-03-01T11:22:00Z,payment_service,81.07,38.41,1437.42,201.06,0.6784
2026-03-01T11:22:00Z,database,32.53,36.0,26.75,215.73,0.0055
2026-03-01T11:22:00Z,cache,24.02,35.5,47.45,157.44,0.0024
2026-03-01T11:23:00Z,frontend,22.79,47.17,39.05,206.96,0.3284
2026-03-01T11:23:00Z,api_gateway,38.77,37.51,63.64,251.61,0.4358
2026-03-01T11:23:00Z,order_service,29.68,36.32,1108.81,228.71,0.4703
2026-03-01T11:23:00Z,inventory_service,20.75,54.23,58.39,189.82,0.0093
2026-03-01T11:23:00Z,payment_service,74.99,41.35,997.13,282.73,0.8372
2026-03-01T11:23:00Z,database,20.26,49.32,60.31,298.52,0.0062
2026-03-01T11:23:00Z,cache,28.5,36.58,47.14,201.51,0.0026
2026-03-01T11:24:00Z,frontend,43.39,38.71,43.63,159.27,0.2826
2026-03-01T11:24:00Z,api_gateway,34.88,38.01,73.4,225.23,0.3442
2026-03-01T11:24:00Z,order_service,36.55,50.02,891.7,285.65,0.6271
2026-03-01T11:24:00Z,inventory_service,20.17,39.25,58.18,210.36,0.0041
2026-03-01T11:24:00Z,payment_service,73.32,53.18,1039.48,190.74,0.6505
2026-03-01T11:24:00Z,database,40.77,37.4,61.75,193.19,0.0053
2026-03-01T11:24:00Z,cache,27.5,46.92,46.69,167.49,0.0016
2026-03-01T11:25:00Z,frontend,42.56,41.88,61.65,289.73,0.3633
2026-03-01T11:25:00Z,api_gateway,36.43,52.97,44.98,151.62,0.4102
2026-03-01T11:25:00Z,order_service,22.61,46.54,1296.14,297.09,0.4202
2026-03-01T11:25:00Z,inventory_service,38.47,35.65,57.94,165.49,0.0053
2026-03-01T11:25:00Z,payment_service,87.46,40.93,1101.86,297.54,0.6216
2026-03-01T11:25:00Z,database,21.26,36.06,59.6,183.98,0.0046
2026-03-01T11:25:00Z,cache,26.32,46.55,42.96,273.1,0.0082
2026-03-01T11:26:00Z,frontend,28.77,42.25,65.29,181.36,0.3433
2026-03-01T11:26:00Z,api_gateway,32.05,51.82,36.06,271.26,0.3269
2026-03-01T11:26:00Z,order_service,31.48,41.07,874.49,290.06,0.5595
2026-03-01T11:26:00Z,inventory_service,31.89,43.15,33.06,295.67,0.0066
2026-03-01T11:26:00Z,payment_service,81.91,36.37,853.76,241.92,0.6241
2026-03-01T11:26:00Z,database,33.77,43.06,66.68,241.77,0.0081
2026-03-01T11:26:00Z,cache,26.38,37.12,42.74,251.37,0.0041
2026-03-01T11:27:00Z,frontend,21.75,42.91,34.09,274.1,0.3338
2026-03-01T11:27:00Z,api_gateway,24.21,52.59,52.85,225.36,0.4416
2026-03-01T11:27:00Z,order_service,25.51,52.72,1414.3,245.31,0.521
2026-03-01T11:27:00Z,inventory_service,33.28,48.55,46.42,273.67,0.0073
2026-03-01T11:27:00Z,payment_service,74.52,45.81,1390.95,206.86,0.6694
2026-03-01T11:27:00Z,database,32.85,41.17,53.65,155.89,0.0033
2026-03-01T11:27:00Z,cache,20.16,54.57,73.29,259.26,0.004
2026-03-01T11:28:00Z,frontend,36.78,51.11,72.34,267.49,0.4481
2026-03-01T11:28:00Z,api_gateway,20.64,47.07,57.98,168.06,0.2862
2026-03-01T11:28:00Z,order_service,35.57,39.45,1163.61,212.58,0.4513
2026-03-01T11:28:00Z,inventory_service,38.93,52.96,29.21,165.04,0.0039
2026-03-01T11:28:00Z,payment_service,87.54,47.05,894.82,153.56,0.581
2026-03-01T11:28:00Z,database,41.71,53.53,45.98,155.91,0.0005
2026-03-01T11:28:00Z,cache,29.82,35.57,54.16,268.11,0.0001
2026-03-01T11:29:00Z,frontend,21.01,46.77,44.88,231.63,0.3919
2026-03-01T11:29:00Z,api_gateway,26.79,53.08,43.74,157.59,0.4165
2026-03-01T11:29:00Z,order_service,40.14,39.49,1103.09,289.56,0.535
2026-03-01T11:29:00Z,inventory_service,41.77,36.67,35.56,157.69,0.0075
2026-03-01T11:29:00Z,payment_service,84.5,41.69,1332.11,174.21,0.5539
2026-03-01T11:29:00Z,database,23.73,40.36,43.05,251.95,0.0041
2026-03-01T11:29:00Z,cache,20.87,42.84,59.86,246.23,0.0019
2026-03-01T11:30:00Z,frontend,42.15,52.91,39.86,211.7,0.3845
2026-03-01T11:30:00Z,api_gateway,40.65,48.46,66.22,173.45,0.3221
2026-03-01T11:30:00Z,order_service,36.78,40.41,1445.36,173.43,0.6932
2026-03-01T11:30:00Z,inventory_service,36.49,46.56,68.31,220.15,0.0029
2026-03-01T11:30:00Z,payment_service,86.82,43.55,1282.36,277.59,0.7881
2026-03-01T11:30:00Z,database,33.9,50.59,25.81,156.02,0.0082
2026-03-01T11:30:00Z,cache,44.8,40.88,35.52,187.95,0.0077
2026-03-01T11:31:00Z,frontend,22.57,37.52,73.96,277.03,0.3853
2026-03-01T11:31:00Z,api_gateway,34.86,47.06,59.13,214.36,0.4037
2026-03-01T11:31:00Z,order_service,25.66,48.85,948.23,262.06,0.418
2026-03-01T11:31:00Z,inventory_service,35.15,51.99,27.25,201.2,0.0073
2026-03-01T11:31:00Z,payment_service,70.5,41.64,1241.96,162.24,0.6492
2026-03-01T11:31:00Z,database,33.7,38.49,39.8,294.8,0.0066
2026-03-01T11:31:00Z,cache,42.26,46.54,53.2,160.41,0.005
2026-03-01T11:32:00Z,frontend,35.02,41.82,70.86,171.49,0.3087
2026-03-01T11:32:00Z,api_gateway,33.14,48.96,70.01,251.45,0.4392
2026-03-01T11:32:00Z,order_service,27.4,35.02,862.18,249.28,0.578
2026-03-01T11:32:00Z,inventory_service,38.22,41.47,58.25,201.41,0.0056
2026-03-01T11:32:00Z,payment_service,83.12,51.63,1345.87,165.52,0.5414
2026-03-01T11:32:00Z,database,20.0,49.24,42.83,151.93,0.0025
2026-03-01T11:32:00Z,cache,41.28,54.15,53.29,162.76,0.0051
2026-03-01T11:33:00Z,frontend,29.5,47.14,44.44,164.24,0.0024
2026-03-01T11:33:00Z,api_gateway,22.42,38.54,74.37,229.78,0.0044
2026-03-01T11:33:00Z,order_service,44.89,46.65,65.62,195.86,0.0033
2026-03-01T11:33:00Z,inventory_service,36.81,48.64,40.76,244.86,0.0013
2026-03-01T11:33:00Z,payment_service,34.46,48.87,60.03,280.93,0.0075
2026-03-01T11:33:00Z,database,38.26,47.38,34.33,192.68,0.0003
2026-03-01T11:33:00Z,cache,35.43,52.0,34.81,294.52,0.0013
2026-03-01T11:34:00Z,frontend,31.96,46.71,52.07,158.55,0.0009
2026-03-01T11:34:00Z,api_gateway,34.64,45.89,36.69,273.01,0.0064
2026-03-01T11:34:00Z,order_service,32.45,48.79,37.62,242.05,0.0031
2026-03-01T11:34:00Z,inventory_service,40.25,46.66,61.51,246.14,0.0036
2026-03-01T11:34:00Z,payment_service,24.75,49.03,52.82,286.7,0.0036
2026-03-01T11:34:00Z,database,27.89,36.14,63.33,199.7,0.007
2026-03-01T11:34:00Z,cache,29.9,50.13,47.71,290.21,0.0041
2026-03-01T11:35:00Z,frontend,23.01,46.69,73.47,159.31,0.0038
2026-03-01T11:35:00Z,api_gateway,32.65,38.24,57.91,217.76,0.01
2026-03-01T11:35:00Z,order_service,30.02,37.3,69.16,208.09,0.0041
2026-03-01T11:35:00Z,inventory_service,31.05,47.96,28.07,291.08,0.0081
2026-03-01T11:35:00Z,payment_service,43.86,38.03,48.87,237.26,0.006
2026-03-01T11:35:00Z,database,28.45,37.54,44.59,260.15,0.0016
2026-03-01T11:35:00Z,cache,21.46,46.05,54.76,236.55,0.0087
2026-03-01T11:36:00Z,frontend,40.08,45.81,28.96,286.2,0.0057
2026-03-01T11:36:00Z,api_gateway,27.41,37.87,32.57,239.35,0.0043
2026-03-01T11:36:00Z,order_service,43.49,50.1,54.33,162.03,0.0083
2026-03-01T11:36:00Z,inventory_service,35.75,51.57,64.17,291.13,0.0028
2026-03-01T11:36:00Z,payment_service,41.88,54.42,33.86,156.04,0.0072
2026-03-01T11:36:00Z,database,32.91,46.61,71.8,222.19,0.0067
2026-03-01T11:36:00Z,cache,43.76,35.44,74.13,272.16,0.0009
2026-03-01T11:37:00Z,frontend,23.3,43.8,57.2,158.18,0.0038
2026-03-01T11:37:00Z,api_gateway,42.56,42.66,35.82,157.25,0.0044
2026-03-01T11:37:00Z,order_service,40.66,46.76,42.66,233.2,0.008
2026-03-01T11:37:00Z,inventory_service,35.79,50.69,54.93,293.69,0.0041
2026-03-01T11:37:00Z,payment_service,35.13,39.41,56.28,177.73,0.0057
2026-03-01T11:37:00Z,database,35.11,50.27,51.17,249.98,0.0023
2026-03-01T11:37:00Z,cache,31.05,38.27,34.22,208.01,0.002
2026-03-01T11:38:00Z,frontend,29.94,45.23,49.16,275.87,0.0038
2026-03-01T11:38:00Z,api_gateway,32.64,36.24,28.56,234.9,0.0057
2026-03-01T11:38:00Z,order_service,33.95,54.2,27.43,156.61,0.001
2026-03-01T11:38:00Z,inventory_service,33.53,47.91,27.28,276.32,0.0095
2026-03-01T11:38:00Z,payment_service,21.93,38.4,31.35,227.78,0.0012
2026-03-01T11:38:00Z,database,28.95,54.79,59.22,171.38,0.0095
2026-03-01T11:38:00Z,cache,33.87,36.54,25.21,246.27,0.0067
2026-03-01T11:39:00Z,frontend,32.24,43.31,26.2,176.56,0.0034
2026-03-01T11:39:00Z,api_gateway,43.92,46.99,61.43,208.97,0.0032
2026-03-01T11:39:00Z,order_service,22.42,38.58,64.88,232.04,0.0068
2026-03-01T11:39:00Z,inventory_service,43.06,36.45,39.03,267.36,0.0035
2026-03-01T11:39:00Z,payment_service,26.02,52.49,66.53,209.9,0.0022
2026-03-01T11:39:00Z,database,44.46,38.62,64.96,259.63,0.0033
2026-03-01T11:39:00Z,cache,34.46,51.65,65.21,158.94,0.0087
2026-03-01T11:40:00Z,frontend,23.5,43.32,52.43,227.94,0.004
2026-03-01T11:40:00Z,api_gateway,23.38,48.51,44.8,173.81,0.0013
2026-03-01T11:40:00Z,order_service,41.99,53.14,74.58,203.32,0.0021
2026-03-01T11:40:00Z,inventory_service,32.1,43.37,42.89,236.34,0.0059
2026-03-01T11:40:00Z,payment_service,31.79,46.07,53.51,261.34,0.0021
2026-03-01T11:40:00Z,database,28.87,50.6,53.19,254.24,0.0026
2026-03-01T11:40:00Z,cache,39.91,49.7,55.51,169.98,0.0049
2026-03-01T11:41:00Z,frontend,30.48,46.99,50.69,150.97,0.0029
2026-03-01T11:41:00Z,api_gateway,27.14,49.69,26.2,291.22,0.0058
2026-03-01T11:41:00Z,order_service,31.79,36.83,56.28,211.1,0.0055
2026-03-01T11:41:00Z,inventory_service,42.41,38.93,26.13,236.57,0.0086
2026-03-01T11:41:00Z,payment_service,34.92,51.2,46.48,286.96,0.0075
2026-03-01T11:41:00Z,database,24.52,40.38,34.93,195.96,0.0025
2026-03-01T11:41:00Z,cache,34.7,43.53,55.77,163.17,0.0008
2026-03-01T11:42:00Z,frontend,32.95,39.28,39.16,271.78,0.004
2026-03-01T11:42:00Z,api_gateway,36.23,48.38,64.93,153.02,0.0093
2026-03-01T11:42:00Z,order_service,42.15,44.17,53.23,251.86,0.0066
2026-03-01T11:42:00Z,inventory_service,44.92,49.4,39.36,157.38,0.0088
2026-03-01T11:42:00Z,payment_service,42.43,40.12,36.03,278.87,0.0014
2026-03-01T11:42:00Z,database,36.87,39.78,62.9,196.89,0.0076
2026-03-01T11:42:00Z,cache,25.24,54.53,57.28,195.51,0.0093
2026-03-01T11:43:00Z,frontend,39.15,48.83,73.28,169.61,0.0039
2026-03-01T11:43:00Z,api_gateway,38.23,46.5,35.34,196.83,0.005
2026-03-01T11:43:00Z,order_service,36.13,49.9,36.61,190.37,0.0041
2026-03-01T11:43:00Z,inventory_service,39.58,53.19,43.51,284.55,0.0075
2026-03-01T11:43:00Z,payment_service,24.57,54.13,43.83,159.36,0.0034
2026-03-01T11:43:00Z,database,22.73,39.97,40.85,281.32,0.0081
2026-03-01T11:43:00Z,cache,41.47,52.14,63.23,253.55,0.0015
2026-03-01T11:44:00Z,frontend,37.06,41.63,50.03,226.59,0.0065
2026-03-01T11:44:00Z,api_gateway,27.8,51.05,68.07,292.86,0.0014
2026-03-01T11:44:00Z,order_service,36.56,50.04,65.6,196.94,0.0095
2026-03-01T11:44:00Z,inventory_service,23.29,49.1,62.1,187.85,0.0068
2026-03-01T11:44:00Z,payment_service,24.22,36.07,60.87,277.36,0.0048
2026-03-01T11:44:00Z,database,24.21,51.73,52.45,258.06,0.0019
2026-03-01T11:44:00Z,cache,35.11,44.22,66.44,256.41,0.0083
2026-03-01T11:45:00Z,frontend,40.97,48.42,59.85,281.89,0.0036
2026-03-01T11:45:00Z,api_gateway,22.81,43.16,69.32,294.21,0.0005
2026-03-01T11:45:00Z,order_service,35.78,40.41,37.44,194.74,0.0094
2026-03-01T11:45:00Z,inventory_service,29.83,37.79,25.54,296.37,0.0054
2026-03-01T11:45:00Z,payment_service,28.93,41.88,51.03,281.99,0.0044
2026-03-01T11:45:00Z,database,32.69,37.77,74.14,161.0,0.0025
2026-03-01T11:45:00Z,cache,34.88,43.3,46.11,179.36,0.0079
2026-03-01T11:46:00Z,frontend,36.22,43.38,47.9,262.82,0.0026
2026-03-01T11:46:00Z,api_gateway,28.02,46.92,74.79,288.1,0.0044
2026-03-01T11:46:00Z,order_service,21.37,39.08,45.93,150.03,0.0022
2026-03-01T11:46:00Z,inventory_service,41.1,49.85,33.39,160.14,0.0012
2026-03-01T11:46:00Z,payment_service,43.22,43.61,30.96,202.32,0.0051
2026-03-01T11:46:00Z,database,35.53,49.37,30.53,299.15,0.0004
2026-03-01T11:46:00Z,cache,21.35,38.8,26.95,270.36,0.0039
2026-03-01T11:47:00Z,frontend,31.1,48.51,50.44,279.91,0.0086
2026-03-01T11:47:00Z,api_gateway,39.45,44.21,74.44,298.03,0.0048
2026-03-01T11:47:00Z,order_service,26.22,45.77,74.61,164.61,0.0086
2026-03-01T11:47:00Z,inventory_service,28.64,35.14,45.17,272.83,0.0023
2026-03-01T11:47:00Z,payment_service,40.69,35.01,40.39,185.04,0.0024
2026-03-01T11:47:00Z,database,24.68,46.11,39.57,206.53,0.0042
2026-03-01T11:47:00Z,cache,42.63,44.86,41.51,293.01,0.0011
2026-03-01T11:48:00Z,frontend,27.44,40.96,41.02,267.47,0.0016
2026-03-01T11:48:00Z,api_gateway,35.87,37.48,28.53,178.52,0.0091
2026-03-01T11:48:00Z,order_service,33.62,36.56,72.77,278.95,0.0025
2026-03-01T11:48:00Z,inventory_service,41.35,35.26,50.59,290.22,0.0077
2026-03-01T11:48:00Z,payment_service,40.49,52.76,34.96,193.35,0.0028
2026-03-01T11:48:00Z,database,29.83,45.89,32.99,175.13,0.0069
2026-03-01T11:48:00Z,cache,32.58,50.93,61.97,173.37,0.0065
2026-03-01T11:49:00Z,frontend,22.19,42.55,45.68,191.1,0.0004
2026-03-01T11:49:00Z,api_gateway,43.84,42.05,27.16,208.83,0.0018
2026-03-01T11:49:00Z,order_service,23.53,50.27,30.43,207.24,0.0098
2026-03-01T11:49:00Z,inventory_service,28.56,47.55,34.6,290.71,0.0015
2026-03-01T11:49:00Z,payment_service,42.19,47.51,65.41,200.22,0.0007
2026-03-01T11:49:00Z,database,35.89,42.12,32.43,272.16,0.006
2026-03-01T11:49:00Z,cache,23.31,38.93,36.87,246.42,0.003
2026-03-01T11:50:00Z,frontend,37.4,42.25,66.2,220.36,0.002
2026-03-01T11:50:00Z,api_gateway,24.5,37.2,69.18,252.58,0.0034
2026-03-01T11:50:00Z,order_service,37.25,41.32,27.79,186.12,0.0061
2026-03-01T11:50:00Z,inventory_service,22.01,37.94,39.9,286.62,0.0009
2026-03-01T11:50:00Z,payment_service,32.1,37.46,40.38,174.25,0.0093
2026-03-01T11:50:00Z,database,25.14,49.83,52.33,233.1,0.0088
2026-03-01T11:50:00Z,cache,24.89,38.32,70.82,205.81,0.0033
2026-03-01T11:51:00Z,frontend,28.47,54.04,61.9,282.13,0.006
2026-03-01T11:51:00Z,api_gateway,26.43,44.3,36.35,287.88,0.0074
2026-03-01T11:51:00Z,order_service,28.55,54.23,47.24,202.75,0.0049
2026-03-01T11:51:00Z,inventory_service,34.22,50.24,65.59,215.05,0.0034
2026-03-01T11:51:00Z,payment_service,29.08,50.88,72.05,261.24,0.0062
2026-03-01T11:51:00Z,database,41.13,42.9,27.56,251.06,0.004
2026-03-01T11:51:00Z,cache,38.72,42.14,56.74,262.41,0.0019
2026-03-01T11:52:00Z,frontend,25.1,40.84,62.43,182.4,0.0048
2026-03-01T11:52:00Z,api_gateway,37.88,54.14,46.36,284.69,0.0048
2026-03-01T11:52:00Z,order_service,37.68,40.04,47.34,180.9,0.0012
2026-03-01T11:52:00Z,inventory_service,20.98,54.55,37.12,275.86,0.0066
2026-03-01T11:52:00Z,payment_service,23.83,49.56,55.01,265.46,0.0073
2026-03-01T11:52:00Z,database,34.34,41.83,57.42,284.61,0.0007
2026-03-01T11:52:00Z,cache,28.2,51.31,54.87,221.02,0.0039
2026-03-01T11:53:00Z,frontend,28.5,52.39,29.41,277.13,0.0078
2026-03-01T11:53:00Z,api_gateway,30.76,38.31,60.33,245.3,0.0054
2026-03-01T11:53:00Z,order_service,25.29,35.83,41.1,278.69,0.0056
2026-03-01T11:53:00Z,inventory_service,30.88,54.06,60.96,229.14,0.0093
2026-03-01T11:53:00Z,payment_service,21.32,49.52,31.07,229.87,0.003
2026-03-01T11:53:00Z,database,35.01,38.33,43.99,295.47,0.0062
2026-03-01T11:53:00Z,cache,43.07,50.24,54.59,250.0,0.0019
2026-03-01T11:54:00Z,frontend,35.06,44.8,51.43,227.9,0.0033
2026-03-01T11:54:00Z,api_gateway,40.13,38.72,29.25,248.75,0.0044
2026-03-01T11:54:00Z,order_service,26.92,46.16,42.35,288.4,0.0093
2026-03-01T11:54:00Z,inventory_service,28.2,49.74,26.84,200.45,0.0047
2026-03-01T11:54:00Z,payment_service,20.3,46.06,62.03,162.81,0.0049
2026-03-01T11:54:00Z,database,32.95,47.28,36.83,214.37,0.0048
2026-03-01T11:54:00Z,cache,22.65,51.75,36.99,225.74,0.0019
2026-03-01T11:55:00Z,frontend,21.55,46.54,30.96,157.91,0.0004
2026-03-01T11:55:00Z,api_gateway,22.95,35.9,46.89,189.36,0.0084
2026-03-01T11:55:00Z,order_service,21.0,43.98,53.88,199.86,0.0057
2026-03-01T11:55:00Z,inventory_service,22.67,42.34,29.97,294.94,0.0077
2026-03-01T11:55:00Z,payment_service,41.63,47.02,60.04,244.62,0.0029
2026-03-01T11:55:00Z,database,32.05,50.16,39.1,288.7,0.0032
2026-03-01T11:55:00Z,cache,32.14,53.26,55.52,187.46,0.0055
2026-03-01T11:56:00Z,frontend,41.3,46.18,50.74,152.4,0.001
2026-03-01T11:56:00Z,api_gateway,29.42,47.06,28.99,289.89,0.0068
2026-03-01T11:56:00Z,order_service,23.15,46.63,63.32,281.98,0.0041
2026-03-01T11:56:00Z,inventory_service,42.48,47.47,31.56,180.27,0.0031
2026-03-01T11:56:00Z,payment_service,39.01,48.53,40.05,263.47,0.0018
2026-03-01T11:56:00Z,database,25.64,47.33,27.02,220.28,0.0033
2026-03-01T11:56:00Z,cache,44.62,39.18,31.52,265.36,0.002
2026-03-01T11:57:00Z,frontend,34.14,35.42,26.72,272.5,0.0045
2026-03-01T11:57:00Z,api_gateway,22.17,45.77,70.66,274.43,0.0039
2026-03-01T11:57:00Z,order_service,43.38,50.03,72.07,204.51,0.0068
2026-03-01T11:57:00Z,inventory_service,26.89,41.64,60.04,289.41,0.0077
2026-03-01T11:57:00Z,payment_service,39.95,49.77,28.19,192.41,0.0039
2026-03-01T11:57:00Z,database,44.57,47.86,60.88,206.58,0.0098
2026-03-01T11:57:00Z,cache,30.86,52.39,34.03,182.82,0.0095
2026-03-01T11:58:00Z,frontend,38.9,42.88,55.41,261.36,0.0044
2026-03-01T11:58:00Z,api_gateway,21.46,41.0,48.72,203.22,0.0017
2026-03-01T11:58:00Z,order_service,21.43,46.67,69.22,239.67,0.0015
2026-03-01T11:58:00Z,inventory_service,30.48,49.02,45.54,151.1,0.005
2026-03-01T11:58:00Z,payment_service,36.53,35.77,43.41,213.11,0.0098
2026-03-01T11:58:00Z,database,42.75,49.35,54.1,279.65,0.008
2026-03-01T11:58:00Z,cache,31.88,42.72,73.34,162.48,0.007
2026-03-01T11:59:00Z,frontend,32.01,36.38,52.49,281.66,0.0042
2026-03-01T11:59:00Z,api_gateway,40.66,46.15,27.73,226.89,0.0097
2026-03-01T11:59:00Z,order_service,31.74,52.16,40.25,169.36,0.0019
2026-03-01T11:59:00Z,inventory_service,39.5,44.43,36.37,199.91,0.0017
2026-03-01T11:59:00Z,payment_service,28.58,54.76,49.26,283.67,0.0018
2026-03-01T11:59:00Z,database,37.74,54.67,27.51,258.07,0.001
2026-03-01T11:59:00Z,cache,24.61,35.79,26.09,170.17,0.0077
