timestamp,service,level,message
2026-03-01T10:00:00Z,frontend,INFO,Handled 173 requests successfully.
2026-03-01T10:00:00Z,api_gateway,INFO,Handled 153 requests successfully.
2026-03-01T10:00:00Z,order_service,INFO,Handled 195 requests successfully.
2026-03-01T10:00:00Z,inventory_service,INFO,Handled 193 requests successfully.
2026-03-01T10:00:00Z,payment_service,INFO,Handled 238 requests successfully.
2026-03-01T10:00:00Z,database,INFO,Handled 294 requests successfully.
2026-03-01T10:00:00Z,cache,INFO,Handled 168 requests successfully.
2026-03-01T10:01:00Z,frontend,INFO,Handled 196 requests successfully.
2026-03-01T10:01:00Z,api_gateway,INFO,Handled 290 requests successfully.
2026-03-01T10:01:00Z,order_service,INFO,Handled 156 requests successfully.
2026-03-01T10:01:00Z,inventory_service,INFO,Handled 192 requests successfully.
2026-03-01T10:01:00Z,payment_service,INFO,Handled 265 requests successfully.
2026-03-01T10:01:00Z,database,INFO,Handled 265 requests successfully.
2026-03-01T10:01:00Z,cache,INFO,Handled 199 requests successfully.
2026-03-01T10:02:00Z,frontend,INFO,Handled 283 requests successfully.
2026-03-01T10:02:00Z,api_gateway,INFO,Handled 265 requests successfully.
2026-03-01T10:02:00Z,order_service,INFO,Handled 154 requests successfully.
2026-03-01T10:02:00Z,inventory_service,INFO,Handled 211 requests successfully.
2026-03-01T10:02:00Z,payment_service,INFO,Handled 289 requests successfully.
2026-03-01T10:02:00Z,database,INFO,Handled 283 requests successfully.
2026-03-01T10:02:00Z,cache,INFO,Handled 184 requests successfully.
2026-03-01T10:03:00Z,frontend,INFO,Handled 212 requests successfully.
2026-03-01T10:03:00Z,api_gateway,INFO,Handled 227 requests successfully.
2026-03-01T10:03:00Z,order_service,INFO,Handled 224 requests successfully.
2026-03-01T10:03:00Z,inventory_service,INFO,Handled 157 requests successfully.
2026-03-01T10:03:00Z,payment_service,INFO,Handled 297 requests successfully.
2026-03-01T10:03:00Z,database,INFO,Handled 205 requests successfully.
2026-03-01T10:03:00Z,cache,INFO,Handled 198 requests successfully.
2026-03-01T10:04:00Z,frontend,INFO,Handled 226 requests successfully.
2026-03-01T10:04:00Z,api_gateway,INFO,Handled 290 requests successfully.
2026-03-01T10:04:00Z,order_service,INFO,Handled 188 requests successfully.
2026-03-01T10:04:00Z,inventory_service,INFO,Handled 163 requests successfully.
2026-03-01T10:04:00Z,payment_service,INFO,Handled 258 requests successfully.
2026-03-01T10:04:00Z,database,INFO,Handled 174 requests successfully.
2026-03-01T10:04:00Z,cache,INFO,Handled 150 requests successfully.
2026-03-01T10:05:00Z,frontend,INFO,Handled 256 requests successfully.
2026-03-01T10:05:00Z,api_gateway,INFO,Handled 248 requests successfully.
2026-03-01T10:05:00Z,order_service,INFO,Handled 295 requests successfully.
2026-03-01T10:05:00Z,inventory_service,INFO,Handled 236 requests successfully.
2026-03-01T10:05:00Z,payment_service,INFO,Handled 246 requests successfully.
2026-03-01T10:05:00Z,database,INFO,Handled 152 requests successfully.
2026-03-01T10:05:00Z,cache,INFO,Handled 194 requests successfully.
2026-03-01T10:06:00Z,frontend,INFO,Handled 290 requests successfully.
2026-03-01T10:06:00Z,api_gateway,INFO,Handled 171 requests successfully.
2026-03-01T10:06:00Z,order_service,INFO,Handled 203 requests successfully.
2026-03-01T10:06:00Z,inventory_service,INFO,Handled 226 requests successfully.
2026-03-01T10:06:00Z,payment_service,INFO,Handled 283 requests successfully.
2026-03-01T10:06:00Z,database,INFO,Handled 219 requests successfully.
2026-03-01T10:06:00Z,cache,INFO,Handled 273 requests successfully.
2026-03-01T10:07:00Z,frontend,INFO,Handled 243 requests successfully.
2026-03-01T10:07:00Z,api_gateway,INFO,Handled 258 requests successfully.
2026-03-01T10:07:00Z,order_service,INFO,Handled 215 requests successfully.
2026-03-01T10:07:00Z,inventory_service,INFO,Handled 211 requests successfully.
2026-03-01T10:07:00Z,payment_service,INFO,Handled 249 requests successfully.
2026-03-01T10:07:00Z,database,INFO,Handled 212 requests successfully.
2026-03-01T10:07:00Z,cache,INFO,Handled 156 requests successfully.
2026-03-01T10:08:00Z,frontend,INFO,Handled 223 requests successfully.
2026-03-01T10:08:00Z,api_gateway,INFO,Handled 245 requests successfully.
2026-03-01T10:08:00Z,order_service,INFO,Handled 248 requests successfully.
2026-03-01T10:08:00Z,inventory_service,INFO,Handled 291 requests successfully.
2026-03-01T10:08:00Z,payment_service,INFO,Handled 291 requests successfully.
2026-03-01T10:08:00Z,database,INFO,Handled 165 requests successfully.
2026-03-01T10:08:00Z,cache,INFO,Handled 276 requests successfully.
2026-03-01T10:09:00Z,frontend,INFO,Handled 244 requests successfully.
2026-03-01T10:09:00Z,api_gateway,INFO,Handled 262 requests successfully.
2026-03-01T10:09:00Z,order_service,INFO,Handled 201 requests successfully.
2026-03-01T10:09:00Z,inventory_service,INFO,Handled 165 requests successfully.
2026-03-01T10:09:00Z,payment_service,INFO,Handled 208 requests successfully.
2026-03-01T10:09:00Z,database,INFO,Handled 292 requests successfully.
2026-03-01T10:09:00Z,cache,INFO,Handled 250 requests successfully.
2026-03-01T10:10:00Z,frontend,INFO,Handled 158 requests successfully.
2026-03-01T10:10:00Z,api_gateway,INFO,Handled 171 requests successfully.
2026-03-01T10:10:00Z,order_service,INFO,Handled 160 requests successfully.
2026-03-01T10:10:00Z,inventory_service,INFO,Handled 206 requests successfully.
2026-03-01T10:10:00Z,payment_service,INFO,Handled 206 requests successfully.
2026-03-01T10:10:00Z,database,INFO,Handled 166 requests successfully.
2026-03-01T10:10:00Z,cache,INFO,Handled 167 requests successfully.
2026-03-01T10:11:00Z,frontend,INFO,Handled 192 requests successfully.
2026-03-01T10:11:00Z,api_gateway,INFO,Handled 156 requests successfully.
2026-03-01T10:11:00Z,order_service,INFO,Handled 295 requests successfully.
2026-03-01T10:11:00Z,inventory_service,INFO,Handled 237 requests successfully.
2026-03-01T10:11:00Z,payment_service,INFO,Handled 218 requests successfully.
2026-03-01T10:11:00Z,database,INFO,Handled 237 requests successfully.
2026-03-01T10:11:00Z,cache,INFO,Handled 196 requests successfully.
2026-03-01T10:12:00Z,frontend,INFO,Handled 292 requests successfully.
2026-03-01T10:12:00Z,api_gateway,INFO,Handled 156 requests successfully.
2026-03-01T10:12:00Z,order_service,INFO,Handled 239 requests successfully.
2026-03-01T10:12:00Z,inventory_service,INFO,Handled 212 requests successfully.
2026-03-01T10:12:00Z,payment_service,INFO,Handled 299 requests successfully.
2026-03-01T10:12:00Z,database,INFO,Handled 217 requests successfully.
2026-03-01T10:12:00Z,cache,INFO,Handled 242 requests successfully.
2026-03-01T10:13:00Z,frontend,INFO,Handled 228 requests successfully.
2026-03-01T10:13:00Z,api_gateway,INFO,Handled 170 requests successfully.
2026-03-01T10:13:00Z,order_service,INFO,Handled 170 requests successfully.
2026-03-01T10:13:00Z,inventory_service,INFO,Handled 285 requests successfully.
2026-03-01T10:13:00Z,payment_service,INFO,Handled 279 requests successfully.
2026-03-01T10:13:00Z,database,INFO,Handled 218 requests successfully.
2026-03-01T10:13:00Z,cache,INFO,Handled 161 requests successfully.
2026-03-01T10:14:00Z,frontend,INFO,Handled 177 requests successfully.
2026-03-01T10:14:00Z,api_gateway,INFO,Handled 178 requests successfully.
2026-03-01T10:14:00Z,order_service,INFO,Handled 168 requests successfully.
2026-03-01T10:14:00Z,inventory_service,INFO,Handled 155 requests successfully.
2026-03-01T10:14:00Z,payment_service,INFO,Handled 159 requests successfully.
2026-03-01T10:14:00Z,database,INFO,Handled 205 requests successfully.
2026-03-01T10:14:00Z,cache,INFO,Handled 155 requests successfully.
2026-03-01T10:15:00Z,frontend,INFO,Handled 166 requests successfully.
2026-03-01T10:15:00Z,api_gateway,INFO,Handled 153 requests successfully.
2026-03-01T10:15:00Z,order_service,INFO,Handled 239 requests successfully.
2026-03-01T10:15:00Z,inventory_service,INFO,Handled 238 requests successfully.
2026-03-01T10:15:00Z,payment_service,INFO,Handled 246 requests successfully.
2026-03-01T10:15:00Z,database,INFO,Handled 165 requests successfully.
2026-03-01T10:15:00Z,cache,INFO,Handled 176 requests successfully.
2026-03-01T10:16:00Z,frontend,INFO,Handled 166 requests successfully.
2026-03-01T10:16:00Z,api_gateway,INFO,Handled 175 requests successfully.
2026-03-01T10:16:00Z,order_service,INFO,Handled 265 requests successfully.
2026-03-01T10:16:00Z,inventory_service,INFO,Handled 167 requests successfully.
2026-03-01T10:16:00Z,payment_service,INFO,Handled 229 requests successfully.
2026-03-01T10:16:00Z,database,INFO,Handled 198 requests successfully.
2026-03-01T10:16:00Z,cache,INFO,Handled 220 requests successfully.
2026-03-01T10:17:00Z,frontend,INFO,Handled 168 requests successfully.
2026-03-01T10:17:00Z,api_gateway,INFO,Handled 236 requests successfully.
2026-03-01T10:17:00Z,order_service,INFO,Handled 174 requests successfully.
2026-03-01T10:17:00Z,inventory_service,INFO,Handled 208 requests successfully.
2026-03-01T10:17:00Z,payment_service,INFO,Handled 262 requests successfully.
2026-03-01T10:17:00Z,database,INFO,Handled 285 requests successfully.
2026-03-01T10:17:00Z,cache,INFO,Handled 170 requests successfully.
2026-03-01T10:18:00Z,frontend,INFO,Handled 172 requests successfully.
2026-03-01T10:18:00Z,api_gateway,INFO,Handled 264 requests successfully.
2026-03-01T10:18:00Z,order_service,INFO,Handled 169 requests successfully.
2026-03-01T10:18:00Z,inventory_service,INFO,Handled 258 requests successfully.
2026-03-01T10:18:00Z,payment_service,INFO,Handled 177 requests successfully.
2026-03-01T10:18:00Z,database,INFO,Handled 173 requests successfully.
2026-03-01T10:18:00Z,cache,INFO,Handled 289 requests successfully.
2026-03-01T10:19:00Z,frontend,INFO,Handled 236 requests successfully.
2026-03-01T10:19:00Z,api_gateway,INFO,Handled 217 requests successfully.
2026-03-01T10:19:00Z,order_service,INFO,Handled 280 requests successfully.
2026-03-01T10:19:00Z,inventory_service,INFO,Handled 270 requests successfully.
2026-03-01T10:19:00Z,payment_service,INFO,Handled 201 requests successfully.
2026-03-01T10:19:00Z,database,INFO,Handled 171 requests successfully.
2026-03-01T10:19:00Z,cache,INFO,Handled 237 requests successfully.
2026-03-01T10:20:00Z,frontend,INFO,Handled 172 requests successfully.
2026-03-01T10:20:00Z,api_gateway,INFO,Handled 160 requests successfully.
2026-03-01T10:20:00Z,order_service,INFO,Handled 155 requests successfully.
2026-03-01T10:20:00Z,inventory_service,INFO,Handled 228 requests successfully.
2026-03-01T10:20:00Z,payment_service,INFO,Handled 279 requests successfully.
2026-03-01T10:20:00Z,database,INFO,Handled 153 requests successfully.
2026-03-01T10:20:00Z,cache,INFO,Handled 184 requests successfully.
2026-03-01T10:21:00Z,frontend,INFO,Handled 247 requests successfully.
2026-03-01T10:21:00Z,api_gateway,INFO,Handled 274 requests successfully.
2026-03-01T10:21:00Z,order_service,INFO,Handled 151 requests successfully.
2026-03-01T10:21:00Z,inventory_service,INFO,Handled 213 requests successfully.
2026-03-01T10:21:00Z,payment_service,INFO,Handled 238 requests successfully.
2026-03-01T10:21:00Z,database,INFO,Handled 194 requests successfully.
2026-03-01T10:21:00Z,cache,INFO,Handled 284 requests successfully.
2026-03-01T10:22:00Z,frontend,INFO,Handled 245 requests successfully.
2026-03-01T10:22:00Z,api_gateway,INFO,Handled 175 requests successfully.
2026-03-01T10:22:00Z,order_service,INFO,Handled 191 requests successfully.
2026-03-01T10:22:00Z,inventory_service,INFO,Handled 170 requests successfully.
2026-03-01T10:22:00Z,payment_service,INFO,Handled 176 requests successfully.
2026-03-01T10:22:00Z,database,INFO,Handled 174 requests successfully.
2026-03-01T10:22:00Z,cache,INFO,Handled 193 requests successfully.
2026-03-01T10:23:00Z,frontend,INFO,Handled 249 requests successfully.
2026-03-01T10:23:00Z,api_gateway,INFO,Handled 239 requests successfully.
2026-03-01T10:23:00Z,order_service,INFO,Handled 165 requests successfully.
2026-03-01T10:23:00Z,inventory_service,INFO,Handled 186 requests successfully.
2026-03-01T10:23:00Z,payment_service,INFO,Handled 204 requests successfully.
2026-03-01T10:23:00Z,database,INFO,Handled 177 requests successfully.
2026-03-01T10:23:00Z,cache,INFO,Handled 253 requests successfully.
2026-03-01T10:24:00Z,frontend,INFO,Handled 291 requests successfully.
2026-03-01T10:24:00Z,api_gateway,INFO,Handled 287 requests successfully.
2026-03-01T10:24:00Z,order_service,INFO,Handled 291 requests successfully.
2026-03-01T10:24:00Z,inventory_service,INFO,Handled 155 requests successfully.
2026-03-01T10:24:00Z,payment_service,INFO,Handled 200 requests successfully.
2026-03-01T10:24:00Z,database,INFO,Handled 197 requests successfully.
2026-03-01T10:24:00Z,cache,INFO,Handled 280 requests successfully.
2026-03-01T10:25:00Z,frontend,INFO,Handled 299 requests successfully.
2026-03-01T10:25:00Z,api_gateway,INFO,Handled 281 requests successfully.
2026-03-01T10:25:00Z,order_service,INFO,Handled 185 requests successfully.
2026-03-01T10:25:00Z,inventory_service,INFO,Handled 156 requests successfully.
2026-03-01T10:25:00Z,payment_service,INFO,Handled 182 requests successfully.
2026-03-01T10:25:00Z,database,INFO,Handled 291 requests successfully.
2026-03-01T10:25:00Z,cache,INFO,Handled 291 requests successfully.
2026-03-01T10:26:00Z,frontend,INFO,Handled 183 requests successfully.
2026-03-01T10:26:00Z,api_gateway,INFO,Handled 282 requests successfully.
2026-03-01T10:26:00Z,order_service,INFO,Handled 254 requests successfully.
2026-03-01T10:26:00Z,inventory_service,INFO,Handled 238 requests successfully.
2026-03-01T10:26:00Z,payment_service,INFO,Handled 283 requests successfully.
2026-03-01T10:26:00Z,database,INFO,Handled 163 requests successfully.
2026-03-01T10:26:00Z,cache,INFO,Handled 162 requests successfully.
2026-03-01T10:27:00Z,frontend,INFO,Handled 222 requests successfully.
2026-03-01T10:27:00Z,api_gateway,INFO,Handled 190 requests successfully.
2026-03-01T10:27:00Z,order_service,INFO,Handled 256 requests successfully.
2026-03-01T10:27:00Z,inventory_service,INFO,Handled 173 requests successfully.
2026-03-01T10:27:00Z,payment_service,INFO,Handled 200 requests successfully.
2026-03-01T10:27:00Z,database,INFO,Handled 150 requests successfully.
2026-03-01T10:27:00Z,cache,INFO,Handled 245 requests successfully.
2026-03-01T10:28:00Z,frontend,INFO,Handled 294 requests successfully.
2026-03-01T10:28:00Z,api_gateway,INFO,Handled 253 requests successfully.
2026-03-01T10:28:00Z,order_service,INFO,Handled 201 requests successfully.
2026-03-01T10:28:00Z,inventory_service,INFO,Handled 262 requests successfully.
2026-03-01T10:28:00Z,payment_service,INFO,Handled 223 requests successfully.
2026-03-01T10:28:00Z,database,INFO,Handled 213 requests successfully.
2026-03-01T10:28:00Z,cache,INFO,Handled 162 requests successfully.
2026-03-01T10:29:00Z,frontend,INFO,Handled 214 requests successfully.
2026-03-01T10:29:00Z,api_gateway,INFO,Handled 297 requests successfully.
2026-03-01T10:29:00Z,order_service,INFO,Handled 247 requests successfully.
2026-03-01T10:29:00Z,inventory_service,INFO,Handled 280 requests successfully.
2026-03-01T10:29:00Z,payment_service,INFO,Handled 169 requests successfully.
2026-03-01T10:29:00Z,database,INFO,Handled 167 requests successfully.
2026-03-01T10:29:00Z,cache,INFO,Handled 159 requests successfully.
2026-03-01T10:30:00Z,frontend,INFO,Handled 151 requests successfully.
2026-03-01T10:30:00Z,api_gateway,INFO,Handled 254 requests successfully.
2026-03-01T10:30:00Z,order_service,INFO,Handled 186 requests successfully.
2026-03-01T10:30:00Z,inventory_service,INFO,Handled 233 requests successfully.
2026-03-01T10:30:00Z,payment_service,INFO,Handled 154 requests successfully.
2026-03-01T10:30:00Z,database,INFO,Handled 270 requests successfully.
2026-03-01T10:30:00Z,cache,INFO,Handled 154 requests successfully.
2026-03-01T10:31:00Z,frontend,INFO,Handled 257 requests successfully.
2026-03-01T10:31:00Z,api_gateway,INFO,Handled 232 requests successfully.
2026-03-01T10:31:00Z,order_service,INFO,Handled 162 requests successfully.
2026-03-01T10:31:00Z,inventory_service,INFO,Handled 296 requests successfully.
2026-03-01T10:31:00Z,payment_service,INFO,Handled 233 requests successfully.
2026-03-01T10:31:00Z,database,INFO,Handled 179 requests successfully.
2026-03-01T10:31:00Z,cache,INFO,Handled 280 requests successfully.
2026-03-01T10:32:00Z,frontend,INFO,Handled 298 requests successfully.
2026-03-01T10:32:00Z,api_gateway,INFO,Handled 223 requests successfully.
2026-03-01T10:32:00Z,order_service,INFO,Handled 286 requests successfully.
2026-03-01T10:32:00Z,inventory_service,INFO,Handled 257 requests successfully.
2026-03-01T10:32:00Z,payment_service,INFO,Handled 278 requests successfully.
2026-03-01T10:32:00Z,database,INFO,Handled 203 requests successfully.
2026-03-01T10:32:00Z,cache,INFO,Handled 248 requests successfully.
2026-03-01T10:33:00Z,frontend,INFO,Handled 185 requests successfully.
2026-03-01T10:33:00Z,api_gateway,INFO,Handled 214 requests successfully.
2026-03-01T10:33:00Z,order_service,INFO,Handled 155 requests successfully.
2026-03-01T10:33:00Z,inventory_service,INFO,Handled 237 requests successfully.
2026-03-01T10:33:00Z,payment_service,INFO,Handled 229 requests successfully.
2026-03-01T10:33:00Z,database,INFO,Handled 197 requests successfully.
2026-03-01T10:33:00Z,cache,INFO,Handled 150 requests successfully.
2026-03-01T10:34:00Z,frontend,INFO,Handled 223 requests successfully.
2026-03-01T10:34:00Z,api_gateway,INFO,Handled 180 requests successfully.
2026-03-01T10:34:00Z,order_service,INFO,Handled 280 requests successfully.
2026-03-01T10:34:00Z,inventory_service,INFO,Handled 224 requests successfully.
2026-03-01T10:34:00Z,payment_service,INFO,Handled 253 requests successfully.
2026-03-01T10:34:00Z,database,INFO,Handled 165 requests successfully.
2026-03-01T10:34:00Z,cache,INFO,Handled 280 requests successfully.
2026-03-01T10:35:00Z,frontend,INFO,Handled 199 requests successfully.
2026-03-01T10:35:00Z,api_gateway,INFO,Handled 272 requests successfully.
2026-03-01T10:35:00Z,order_service,INFO,Handled 209 requests successfully.
2026-03-01T10:35:00Z,inventory_service,INFO,Handled 184 requests successfully.
2026-03-01T10:35:00Z,payment_service,INFO,Handled 206 requests successfully.
2026-03-01T10:35:00Z,database,INFO,Handled 207 requests successfully.
2026-03-01T10:35:00Z,cache,INFO,Handled 271 requests successfully.
2026-03-01T10:36:00Z,frontend,INFO,Handled 247 requests successfully.
2026-03-01T10:36:00Z,api_gateway,INFO,Handled 202 requests successfully.
2026-03-01T10:36:00Z,order_service,INFO,Handled 270 requests successfully.
2026-03-01T10:36:00Z,inventory_service,INFO,Handled 212 requests successfully.
2026-03-01T10:36:00Z,payment_service,INFO,Handled 256 requests successfully.
2026-03-01T10:36:00Z,database,INFO,Handled 270 requests successfully.
2026-03-01T10:36:00Z,cache,INFO,Handled 272 requests successfully.
2026-03-01T10:37:00Z,frontend,INFO,Handled 275 requests successfully.
2026-03-01T10:37:00Z,api_gateway,INFO,Handled 273 requests successfully.
2026-03-01T10:37:00Z,order_service,INFO,Handled 237 requests successfully.
2026-03-01T10:37:00Z,inventory_service,INFO,Handled 153 requests successfully.
2026-03-01T10:37:00Z,payment_service,INFO,Handled 239 requests successfully.
2026-03-01T10:37:00Z,database,INFO,Handled 214 requests successfully.
2026-03-01T10:37:00Z,cache,INFO,Handled 258 requests successfully.
2026-03-01T10:38:00Z,frontend,INFO,Handled 178 requests successfully.
2026-03-01T10:38:00Z,api_gateway,INFO,Handled 160 requests successfully.
2026-03-01T10:38:00Z,order_service,INFO,Handled 229 requests successfully.
2026-03-01T10:38:00Z,inventory_service,INFO,Handled 233 requests successfully.
2026-03-01T10:38:00Z,payment_service,INFO,Handled 176 requests successfully.
2026-03-01T10:38:00Z,database,INFO,Handled 263 requests successfully.
2026-03-01T10:38:00Z,cache,INFO,Handled 209 requests successfully.
2026-03-01T10:39:00Z,frontend,INFO,Handled 228 requests successfully.
2026-03-01T10:39:00Z,api_gateway,INFO,Handled 267 requests successfully.
2026-03-01T10:39:00Z,order_service,INFO,Handled 163 requests successfully.
2026-03-01T10:39:00Z,inventory_service,INFO,Handled 240 requests successfully.
2026-03-01T10:39:00Z,payment_service,INFO,Handled 181 requests successfully.
2026-03-01T10:39:00Z,database,INFO,Handled 280 requests successfully.
2026-03-01T10:39:00Z,cache,INFO,Handled 176 requests successfully.
2026-03-01T10:40:00Z,frontend,INFO,Handled 169 requests successfully.
2026-03-01T10:40:00Z,api_gateway,INFO,Handled 176 requests successfully.
2026-03-01T10:40:00Z,order_service,INFO,Handled 153 requests successfully.
2026-03-01T10:40:00Z,inventory_service,INFO,Handled 196 requests successfully.
2026-03-01T10:40:00Z,payment_service,INFO,Handled 242 requests successfully.
2026-03-01T10:40:00Z,database,CRITICAL,Connection pool exhausted! Active connections: 200/200. Lock timeout on table 'orders'.
2026-03-01T10:40:00Z,cache,INFO,Handled 253 requests successfully.
2026-03-01T10:41:00Z,frontend,INFO,Handled 195 requests successfully.
2026-03-01T10:41:00Z,api_gateway,INFO,Handled 217 requests successfully.
2026-03-01T10:41:00Z,order_service,INFO,Handled 265 requests successfully.
2026-03-01T10:41:00Z,inventory_service,INFO,Handled 264 requests successfully.
2026-03-01T10:41:00Z,payment_service,INFO,Handled 296 requests successfully.
2026-03-01T10:41:00Z,database,CRITICAL,Connection pool exhausted! Active connections: 200/200. Lock timeout on table 'orders'.
2026-03-01T10:41:00Z,cache,INFO,Handled 218 requests successfully.
2026-03-01T10:42:00Z,frontend,INFO,Handled 253 requests successfully.
2026-03-01T10:42:00Z,api_gateway,INFO,Handled 219 requests successfully.
2026-03-01T10:42:00Z,order_service,ERROR,Database query timed out after 1000ms: Call to database failed.
2026-03-01T10:42:00Z,inventory_service,ERROR,Database query timed out after 1000ms: Call to database failed.
2026-03-01T10:42:00Z,payment_service,INFO,Handled 202 requests successfully.
2026-03-01T10:42:00Z,database,CRITICAL,Connection pool exhausted! Active connections: 200/200. Lock timeout on table 'orders'.
2026-03-01T10:42:00Z,cache,INFO,Handled 180 requests successfully.
2026-03-01T10:43:00Z,frontend,ERROR,Upstream gateway returned HTTP 504: Transaction processing failure.
2026-03-01T10:43:00Z,api_gateway,ERROR,Upstream gateway returned HTTP 504: Transaction processing failure.
2026-03-01T10:43:00Z,order_service,ERROR,Database query timed out after 1000ms: Call to database failed.
2026-03-01T10:43:00Z,inventory_service,ERROR,Database query timed out after 1000ms: Call to database failed.
2026-03-01T10:43:00Z,payment_service,INFO,Handled 276 requests successfully.
2026-03-01T10:43:00Z,database,CRITICAL,Connection pool exhausted! Active connections: 200/200. Lock timeout on table 'orders'.
2026-03-01T10:43:00Z,cache,INFO,Handled 259 requests successfully.
2026-03-01T10:44:00Z,frontend,ERROR,Upstream gateway returned HTTP 504: Transaction processing failure.
2026-03-01T10:44:00Z,api_gateway,ERROR,Upstream gateway returned HTTP 504: Transaction processing failure.
2026-03-01T10:44:00Z,order_service,ERROR,Database query timed out after 1000ms: Call to database failed.
2026-03-01T10:44:00Z,inventory_service,ERROR,Database query timed out after 1000ms: Call to database failed.
2026-03-01T10:44:00Z,payment_service,INFO,Handled 299 requests successfully.
2026-03-01T10:44:00Z,database,CRITICAL,Connection pool exhausted! Active connections: 200/200. Lock timeout on table 'orders'.
2026-03-01T10:44:00Z,cache,INFO,Handled 246 requests successfully.
2026-03-01T10:45:00Z,frontend,ERROR,Upstream gateway returned HTTP 504: Transaction processing failure.
2026-03-01T10:45:00Z,api_gateway,ERROR,Upstream gateway returned HTTP 504: Transaction processing failure.
2026-03-01T10:45:00Z,order_service,ERROR,Database query timed out after 1000ms: Call to database failed.
2026-03-01T10:45:00Z,inventory_service,ERROR,Database query timed out after 1000ms: Call to database failed.
2026-03-01T10:45:00Z,payment_service,INFO,Handled 177 requests successfully.
2026-03-01T10:45:00Z,database,CRITICAL,Connection pool exhausted! Active connections: 200/200. Lock timeout on table 'orders'.
2026-03-01T10:45:00Z,cache,INFO,Handled 218 requests successfully.
2026-03-01T10:46:00Z,frontend,ERROR,Upstream gateway returned HTTP 504: Transaction processing failure.
2026-03-01T10:46:00Z,api_gateway,ERROR,Upstream gateway returned HTTP 504: Transaction processing failure.
2026-03-01T10:46:00Z,order_service,ERROR,Database query timed out after 1000ms: Call to database failed.
2026-03-01T10:46:00Z,inventory_service,ERROR,Database query timed out after 1000ms: Call to database failed.
2026-03-01T10:46:00Z,payment_service,INFO,Handled 294 requests successfully.
2026-03-01T10:46:00Z,database,CRITICAL,Connection pool exhausted! Active connections: 200/200. Lock timeout on table 'orders'.
2026-03-01T10:46:00Z,cache,INFO,Handled 167 requests successfully.
2026-03-01T10:47:00Z,frontend,ERROR,Upstream gateway returned HTTP 504: Transaction processing failure.
2026-03-01T10:47:00Z,api_gateway,ERROR,Upstream gateway returned HTTP 504: Transaction processing failure.
2026-03-01T10:47:00Z,order_service,ERROR,Database query timed out after 1000ms: Call to database failed.
2026-03-01T10:47:00Z,inventory_service,ERROR,Database query timed out after 1000ms: Call to database failed.
2026-03-01T10:47:00Z,payment_service,INFO,Handled 281 requests successfully.
2026-03-01T10:47:00Z,database,CRITICAL,Connection pool exhausted! Active connections: 200/200. Lock timeout on table 'orders'.
2026-03-01T10:47:00Z,cache,INFO,Handled 266 requests successfully.
2026-03-01T10:48:00Z,frontend,ERROR,Upstream gateway returned HTTP 504: Transaction processing failure.
2026-03-01T10:48:00Z,api_gateway,ERROR,Upstream gateway returned HTTP 504: Transaction processing failure.
2026-03-01T10:48:00Z,order_service,ERROR,Database query timed out after 1000ms: Call to database failed.
2026-03-01T10:48:00Z,inventory_service,ERROR,Database query timed out after 1000ms: Call to database failed.
2026-03-01T10:48:00Z,payment_service,INFO,Handled 282 requests successfully.
2026-03-01T10:48:00Z,database,CRITICAL,Connection pool exhausted! Active connections: 200/200. Lock timeout on table 'orders'.
2026-03-01T10:48:00Z,cache,INFO,Handled 220 requests successfully.
2026-03-01T10:49:00Z,frontend,ERROR,Upstream gateway returned HTTP 504: Transaction processing failure.
2026-03-01T10:49:00Z,api_gateway,ERROR,Upstream gateway returned HTTP 504: Transaction processing failure.
2026-03-01T10:49:00Z,order_service,ERROR,Database query timed out after 1000ms: Call to database failed.
2026-03-01T10:49:00Z,inventory_service,ERROR,Database query timed out after 1000ms: Call to database failed.
2026-03-01T10:49:00Z,payment_service,INFO,Handled 154 requests successfully.
2026-03-01T10:49:00Z,database,CRITICAL,Connection pool exhausted! Active connections: 200/200. Lock timeout on table 'orders'.
2026-03-01T10:49:00Z,cache,INFO,Handled 231 requests successfully.
2026-03-01T10:50:00Z,frontend,ERROR,Upstream gateway returned HTTP 504: Transaction processing failure.
2026-03-01T10:50:00Z,api_gateway,ERROR,Upstream gateway returned HTTP 504: Transaction processing failure.
2026-03-01T10:50:00Z,order_service,ERROR,Database query timed out after 1000ms: Call to database failed.
2026-03-01T10:50:00Z,inventory_service,ERROR,Database query timed out after 1000ms: Call to database failed.
2026-03-01T10:50:00Z,payment_service,INFO,Handled 283 requests successfully.
2026-03-01T10:50:00Z,database,CRITICAL,Connection pool exhausted! Active connections: 200/200. Lock timeout on table 'orders'.
2026-03-01T10:50:00Z,cache,INFO,Handled 250 requests successfully.
2026-03-01T10:51:00Z,frontend,ERROR,Upstream gateway returned HTTP 504: Transaction processing failure.
2026-03-01T10:51:00Z,api_gateway,ERROR,Upstream gateway returned HTTP 504: Transaction processing failure.
2026-03-01T10:51:00Z,order_service,ERROR,Database query timed out after 1000ms: Call to database failed.
2026-03-01T10:51:00Z,inventory_service,ERROR,Database query timed out after 1000ms: Call to database failed.
2026-03-01T10:51:00Z,payment_service,INFO,Handled 241 requests successfully.
2026-03-01T10:51:00Z,database,CRITICAL,Connection pool exhausted! Active connections: 200/200. Lock timeout on table 'orders'.
2026-03-01T10:51:00Z,cache,INFO,Handled 163 requests successfully.
2026-03-01T10:52:00Z,frontend,ERROR,Upstream gateway returned HTTP 504: Transaction processing failure.
2026-03-01T10:52:00Z,api_gateway,ERROR,Upstream gateway returned HTTP 504: Transaction processing failure.
2026-03-01T10:52:00Z,order_service,ERROR,Database query timed out after 1000ms: Call to database failed.
2026-03-01T10:52:00Z,inventory_service,ERROR,Database query timed out after 1000ms: Call to database failed.
2026-03-01T10:52:00Z,payment_service,INFO,Handled 291 requests successfully.
2026-03-01T10:52:00Z,database,CRITICAL,Connection pool exhausted! Active connections: 200/200. Lock timeout on table 'orders'.
2026-03-01T10:52:00Z,cache,INFO,Handled 151 requests successfully.
2026-03-01T10:53:00Z,frontend,ERROR,Upstream gateway returned HTTP 504: Transaction processing failure.
2026-03-01T10:53:00Z,api_gateway,ERROR,Upstream gateway returned HTTP 504: Transaction processing failure.
2026-03-01T10:53:00Z,order_service,ERROR,Database query timed out after 1000ms: Call to database failed.
2026-03-01T10:53:00Z,inventory_service,ERROR,Database query timed out after 1000ms: Call to database failed.
2026-03-01T10:53:00Z,payment_service,INFO,Handled 246 requests successfully.
2026-03-01T10:53:00Z,database,CRITICAL,Connection pool exhausted! Active connections: 200/200. Lock timeout on table 'orders'.
2026-03-01T10:53:00Z,cache,INFO,Handled 225 requests successfully.
2026-03-01T10:54:00Z,frontend,ERROR,Upstream gateway returned HTTP 504: Transaction processing failure.
2026-03-01T10:54:00Z,api_gateway,ERROR,Upstream gateway returned HTTP 504: Transaction processing failure.
2026-03-01T10:54:00Z,order_service,ERROR,Database query timed out after 1000ms: Call to database failed.
2026-03-01T10:54:00Z,inventory_service,ERROR,Database query timed out after 1000ms: Call to database failed.
2026-03-01T10:54:00Z,payment_service,INFO,Handled 233 requests successfully.
2026-03-01T10:54:00Z,database,CRITICAL,Connection pool exhausted! Active connections: 200/200. Lock timeout on table 'orders'.
2026-03-01T10:54:00Z,cache,INFO,Handled 221 requests successfully.
2026-03-01T10:55:00Z,frontend,ERROR,Upstream gateway returned HTTP 504: Transaction processing failure.
2026-03-01T10:55:00Z,api_gateway,ERROR,Upstream gateway returned HTTP 504: Transaction processing failure.
2026-03-01T10:55:00Z,order_service,ERROR,Database query timed out after 1000ms: Call to database failed.
2026-03-01T10:55:00Z,inventory_service,ERROR,Database query timed out after 1000ms: Call to database failed.
2026-03-01T10:55:00Z,payment_service,INFO,Handled 278 requests successfully.
2026-03-01T10:55:00Z,database,CRITICAL,Connection pool exhausted! Active connections: 200/200. Lock timeout on table 'orders'.
2026-03-01T10:55:00Z,cache,INFO,Handled 194 requests successfully.
2026-03-01T10:56:00Z,frontend,INFO,Handled 151 requests successfully.
2026-03-01T10:56:00Z,api_gateway,INFO,Handled 260 requests successfully.
2026-03-01T10:56:00Z,order_service,INFO,Handled 248 requests successfully.
2026-03-01T10:56:00Z,inventory_service,INFO,Handled 161 requests successfully.
2026-03-01T10:56:00Z,payment_service,INFO,Handled 271 requests successfully.
2026-03-01T10:56:00Z,database,INFO,Handled 161 requests successfully.
2026-03-01T10:56:00Z,cache,INFO,Handled 210 requests successfully.
2026-03-01T10:57:00Z,frontend,INFO,Handled 210 requests successfully.
2026-03-01T10:57:00Z,api_gateway,INFO,Handled 296 requests successfully.
2026-03-01T10:57:00Z,order_service,INFO,Handled 225 requests successfully.
2026-03-01T10:57:00Z,inventory_service,INFO,Handled 186 requests successfully.
2026-03-01T10:57:00Z,payment_service,INFO,Handled 171 requests successfully.
2026-03-01T10:57:00Z,database,INFO,Handled 244 requests successfully.
2026-03-01T10:57:00Z,cache,INFO,Handled 157 requests successfully.
2026-03-01T10:58:00Z,frontend,INFO,Handled 187 requests successfully.
2026-03-01T10:58:00Z,api_gateway,INFO,Handled 276 requests successfully.
2026-03-01T10:58:00Z,order_service,INFO,Handled 206 requests successfully.
2026-03-01T10:58:00Z,inventory_service,INFO,Handled 244 requests successfully.
2026-03-01T10:58:00Z,payment_service,INFO,Handled 294 requests successfully.
2026-03-01T10:58:00Z,database,INFO,Handled 267 requests successfully.
2026-03-01T10:58:00Z,cache,INFO,Handled 214 requests successfully.
2026-03-01T10:59:00Z,frontend,INFO,Handled 265 requests successfully.
2026-03-01T10:59:00Z,api_gateway,INFO,Handled 220 requests successfully.
2026-03-01T10:59:00Z,order_service,INFO,Handled 170 requests successfully.
2026-03-01T10:59:00Z,inventory_service,INFO,Handled 256 requests successfully.
2026-03-01T10:59:00Z,payment_service,INFO,Handled 166 requests successfully.
2026-03-01T10:59:00Z,database,INFO,Handled 200 requests successfully.
2026-03-01T10:59:00Z,cache,INFO,Handled 229 requests successfully.
2026-03-01T11:00:00Z,frontend,INFO,Handled 251 requests successfully.
2026-03-01T11:00:00Z,api_gateway,INFO,Handled 168 requests successfully.
2026-03-01T11:00:00Z,order_service,INFO,Handled 152 requests successfully.
2026-03-01T11:00:00Z,inventory_service,INFO,Handled 150 requests successfully.
2026-03-01T11:00:00Z,payment_service,INFO,Handled 284 requests successfully.
2026-03-01T11:00:00Z,database,INFO,Handled 159 requests successfully.
2026-03-01T11:00:00Z,cache,INFO,Handled 158 requests successfully.
2026-03-01T11:01:00Z,frontend,INFO,Handled 294 requests successfully.
2026-03-01T11:01:00Z,api_gateway,INFO,Handled 243 requests successfully.
2026-03-01T11:01:00Z,order_service,INFO,Handled 208 requests successfully.
2026-03-01T11:01:00Z,inventory_service,INFO,Handled 220 requests successfully.
2026-03-01T11:01:00Z,payment_service,INFO,Handled 244 requests successfully.
2026-03-01T11:01:00Z,database,INFO,Handled 225 requests successfully.
2026-03-01T11:01:00Z,cache,INFO,Handled 231 requests successfully.
2026-03-01T11:02:00Z,frontend,INFO,Handled 157 requests successfully.
2026-03-01T11:02:00Z,api_gateway,INFO,Handled 294 requests successfully.
2026-03-01T11:02:00Z,order_service,INFO,Handled 235 requests successfully.
2026-03-01T11:02:00Z,inventory_service,INFO,Handled 297 requests successfully.
2026-03-01T11:02:00Z,payment_service,INFO,Handled 228 requests successfully.
2026-03-01T11:02:00Z,database,INFO,Handled 187 requests successfully.
2026-03-01T11:02:00Z,cache,INFO,Handled 224 requests successfully.
2026-03-01T11:03:00Z,frontend,INFO,Handled 245 requests successfully.
2026-03-01T11:03:00Z,api_gateway,INFO,Handled 214 requests successfully.
2026-03-01T11:03:00Z,order_service,INFO,Handled 209 requests successfully.
2026-03-01T11:03:00Z,inventory_service,INFO,Handled 208 requests successfully.
2026-03-01T11:03:00Z,payment_service,INFO,Handled 268 requests successfully.
2026-03-01T11:03:00Z,database,INFO,Handled 178 requests successfully.
2026-03-01T11:03:00Z,cache,INFO,Handled 155 requests successfully.
2026-03-01T11:04:00Z,frontend,INFO,Handled 215 requests successfully.
2026-03-01T11:04:00Z,api_gateway,INFO,Handled 284 requests successfully.
2026-03-01T11:04:00Z,order_service,INFO,Handled 224 requests successfully.
2026-03-01T11:04:00Z,inventory_service,INFO,Handled 181 requests successfully.
2026-03-01T11:04:00Z,payment_service,INFO,Handled 271 requests successfully.
2026-03-01T11:04:00Z,database,INFO,Handled 172 requests successfully.
2026-03-01T11:04:00Z,cache,INFO,Handled 169 requests successfully.
2026-03-01T11:05:00Z,frontend,INFO,Handled 295 requests successfully.
2026-03-01T11:05:00Z,api_gateway,INFO,Handled 259 requests successfully.
2026-03-01T11:05:00Z,order_service,INFO,Handled 213 requests successfully.
2026-03-01T11:05:00Z,inventory_service,INFO,Handled 205 requests successfully.
2026-03-01T11:05:00Z,payment_service,INFO,Handled 238 requests successfully.
2026-03-01T11:05:00Z,database,INFO,Handled 267 requests successfully.
2026-03-01T11:05:00Z,cache,INFO,Handled 194 requests successfully.
2026-03-01T11:06:00Z,frontend,INFO,Handled 205 requests successfully.
2026-03-01T11:06:00Z,api_gateway,INFO,Handled 288 requests successfully.
2026-03-01T11:06:00Z,order_service,INFO,Handled 179 requests successfully.
2026-03-01T11:06:00Z,inventory_service,INFO,Handled 259 requests successfully.
2026-03-01T11:06:00Z,payment_service,INFO,Handled 267 requests successfully.
2026-03-01T11:06:00Z,database,INFO,Handled 255 requests successfully.
2026-03-01T11:06:00Z,cache,INFO,Handled 231 requests successfully.
2026-03-01T11:07:00Z,frontend,INFO,Handled 176 requests successfully.
2026-03-01T11:07:00Z,api_gateway,INFO,Handled 173 requests successfully.
2026-03-01T11:07:00Z,order_service,INFO,Handled 187 requests successfully.
2026-03-01T11:07:00Z,inventory_service,INFO,Handled 251 requests successfully.
2026-03-01T11:07:00Z,payment_service,INFO,Handled 243 requests successfully.
2026-03-01T11:07:00Z,database,INFO,Handled 192 requests successfully.
2026-03-01T11:07:00Z,cache,INFO,Handled 291 requests successfully.
2026-03-01T11:08:00Z,frontend,INFO,Handled 262 requests successfully.
2026-03-01T11:08:00Z,api_gateway,INFO,Handled 160 requests successfully.
2026-03-01T11:08:00Z,order_service,INFO,Handled 260 requests successfully.
2026-03-01T11:08:00Z,inventory_service,INFO,Handled 180 requests successfully.
2026-03-01T11:08:00Z,payment_service,INFO,Handled 240 requests successfully.
2026-03-01T11:08:00Z,database,INFO,Handled 239 requests successfully.
2026-03-01T11:08:00Z,cache,INFO,Handled 187 requests successfully.
2026-03-01T11:09:00Z,frontend,INFO,Handled 239 requests successfully.
2026-03-01T11:09:00Z,api_gateway,INFO,Handled 260 requests successfully.
2026-03-01T11:09:00Z,order_service,INFO,Handled 211 requests successfully.
2026-03-01T11:09:00Z,inventory_service,INFO,Handled 209 requests successfully.
2026-03-01T11:09:00Z,payment_service,INFO,Handled 151 requests successfully.
2026-03-01T11:09:00Z,database,INFO,Handled 188 requests successfully.
2026-03-01T11:09:00Z,cache,INFO,Handled 245 requests successfully.
2026-03-01T11:10:00Z,frontend,INFO,Handled 260 requests successfully.
2026-03-01T11:10:00Z,api_gateway,INFO,Handled 159 requests successfully.
2026-03-01T11:10:00Z,order_service,INFO,Handled 292 requests successfully.
2026-03-01T11:10:00Z,inventory_service,INFO,Handled 180 requests successfully.
2026-03-01T11:10:00Z,payment_service,INFO,Handled 205 requests successfully.
2026-03-01T11:10:00Z,database,INFO,Handled 284 requests successfully.
2026-03-01T11:10:00Z,cache,INFO,Handled 255 requests successfully.
2026-03-01T11:11:00Z,frontend,INFO,Handled 273 requests successfully.
2026-03-01T11:11:00Z,api_gateway,INFO,Handled 158 requests successfully.
2026-03-01T11:11:00Z,order_service,INFO,Handled 248 requests successfully.
2026-03-01T11:11:00Z,inventory_service,INFO,Handled 249 requests successfully.
2026-03-01T11:11:00Z,payment_service,INFO,Handled 196 requests successfully.
2026-03-01T11:11:00Z,database,INFO,Handled 274 requests successfully.
2026-03-01T11:11:00Z,cache,INFO,Handled 203 requests successfully.
2026-03-01T11:12:00Z,frontend,INFO,Handled 233 requests successfully.
2026-03-01T11:12:00Z,api_gateway,INFO,Handled 278 requests successfully.
2026-03-01T11:12:00Z,order_service,INFO,Handled 176 requests successfully.
2026-03-01T11:12:00Z,inventory_service,INFO,Handled 257 requests successfully.
2026-03-01T11:12:00Z,payment_service,INFO,Handled 174 requests successfully.
2026-03-01T11:12:00Z,database,INFO,Handled 227 requests successfully.
2026-03-01T11:12:00Z,cache,INFO,Handled 182 requests successfully.
2026-03-01T11:13:00Z,frontend,INFO,Handled 231 requests successfully.
2026-03-01T11:13:00Z,api_gateway,INFO,Handled 280 requests successfully.
2026-03-01T11:13:00Z,order_service,INFO,Handled 200 requests successfully.
2026-03-01T11:13:00Z,inventory_service,INFO,Handled 180 requests successfully.
2026-03-01T11:13:00Z,payment_service,INFO,Handled 221 requests successfully.
2026-03-01T11:13:00Z,database,INFO,Handled 258 requests successfully.
2026-03-01T11:13:00Z,cache,INFO,Handled 200 requests successfully.
2026-03-01T11:14:00Z,frontend,INFO,Handled 219 requests successfully.
2026-03-01T11:14:00Z,api_gateway,INFO,Handled 160 requests successfully.
2026-03-01T11:14:00Z,order_service,INFO,Handled 247 requests successfully.
2026-03-01T11:14:00Z,inventory_service,INFO,Handled 233 requests successfully.
2026-03-01T11:14:00Z,payment_service,INFO,Handled 205 requests successfully.
2026-03-01T11:14:00Z,database,INFO,Handled 182 requests successfully.
2026-03-01T11:14:00Z,cache,INFO,Handled 232 requests successfully.
2026-03-01T11:15:00Z,frontend,INFO,Handled 270 requests successfully.
2026-03-01T11:15:00Z,api_gateway,INFO,Handled 175 requests successfully.
2026-03-01T11:15:00Z,order_service,INFO,Handled 239 requests successfully.
2026-03-01T11:15:00Z,inventory_service,INFO,Handled 221 requests successfully.
2026-03-01T11:15:00Z,payment_service,INFO,Handled 182 requests successfully.
2026-03-01T11:15:00Z,database,INFO,Handled 254 requests successfully.
2026-03-01T11:15:00Z,cache,INFO,Handled 253 requests successfully.
2026-03-01T11:16:00Z,frontend,INFO,Handled 178 requests successfully.
2026-03-01T11:16:00Z,api_gateway,INFO,Handled 272 requests successfully.
2026-03-01T11:16:00Z,order_service,INFO,Handled 205 requests successfully.
2026-03-01T11:16:00Z,inventory_service,INFO,Handled 186 requests successfully.
2026-03-01T11:16:00Z,payment_service,INFO,Handled 283 requests successfully.
2026-03-01T11:16:00Z,database,INFO,Handled 187 requests successfully.
2026-03-01T11:16:00Z,cache,INFO,Handled 262 requests successfully.
2026-03-01T11:17:00Z,frontend,INFO,Handled 211 requests successfully.
2026-03-01T11:17:00Z,api_gateway,INFO,Handled 196 requests successfully.
2026-03-01T11:17:00Z,order_service,INFO,Handled 264 requests successfully.
2026-03-01T11:17:00Z,inventory_service,INFO,Handled 279 requests successfully.
2026-03-01T11:17:00Z,payment_service,INFO,Handled 256 requests successfully.
2026-03-01T11:17:00Z,database,INFO,Handled 201 requests successfully.
2026-03-01T11:17:00Z,cache,INFO,Handled 270 requests successfully.
2026-03-01T11:18:00Z,frontend,INFO,Handled 251 requests successfully.
2026-03-01T11:18:00Z,api_gateway,INFO,Handled 254 requests successfully.
2026-03-01T11:18:00Z,order_service,INFO,Handled 176 requests successfully.
2026-03-01T11:18:00Z,inventory_service,INFO,Handled 152 requests successfully.
2026-03-01T11:18:00Z,payment_service,INFO,Handled 294 requests successfully.
2026-03-01T11:18:00Z,database,INFO,Handled 191 requests successfully.
2026-03-01T11:18:00Z,cache,INFO,Handled 154 requests successfully.
2026-03-01T11:19:00Z,frontend,INFO,Handled 248 requests successfully.
2026-03-01T11:19:00Z,api_gateway,INFO,Handled 192 requests successfully.
2026-03-01T11:19:00Z,order_service,INFO,Handled 296 requests successfully.
2026-03-01T11:19:00Z,inventory_service,INFO,Handled 296 requests successfully.
2026-03-01T11:19:00Z,payment_service,INFO,Handled 160 requests successfully.
2026-03-01T11:19:00Z,database,INFO,Handled 175 requests successfully.
2026-03-01T11:19:00Z,cache,INFO,Handled 191 requests successfully.
2026-03-01T11:20:00Z,frontend,INFO,Handled 188 requests successfully.
2026-03-01T11:20:00Z,api_gateway,INFO,Handled 172 requests successfully.
2026-03-01T11:20:00Z,order_service,INFO,Handled 195 requests successfully.
2026-03-01T11:20:00Z,inventory_service,INFO,Handled 171 requests successfully.
2026-03-01T11:20:00Z,payment_service,FATAL,Payment Gateway SSL handshake failed: External payment provider unreachable.
2026-03-01T11:20:00Z,database,INFO,Handled 279 requests successfully.
2026-03-01T11:20:00Z,cache,INFO,Handled 205 requests successfully.
2026-03-01T11:21:00Z,frontend,INFO,Handled 275 requests successfully.
2026-03-01T11:21:00Z,api_gateway,INFO,Handled 264 requests successfully.
2026-03-01T11:21:00Z,order_service,ERROR,Checkout failed: Payment service returned HTTP 502 Bad Gateway.
2026-03-01T11:21:00Z,inventory_service,INFO,Handled 235 requests successfully.
2026-03-01T11:21:00Z,payment_service,FATAL,Payment Gateway SSL handshake failed: External payment provider unreachable.
2026-03-01T11:21:00Z,database,INFO,Handled 233 requests successfully.
2026-03-01T11:21:00Z,cache,INFO,Handled 182 requests successfully.
2026-03-01T11:22:00Z,frontend,WARN,Order placement returned partial failure.
2026-03-01T11:22:00Z,api_gateway,WARN,Order placement returned partial failure.
2026-03-01T11:22:00Z,order_service,ERROR,Checkout failed: Payment service returned HTTP 502 Bad Gateway.
2026-03-01T11:22:00Z,inventory_service,INFO,Handled 265 requests successfully.
2026-03-01T11:22:00Z,payment_service,FATAL,Payment Gateway SSL handshake failed: External payment provider unreachable.
2026-03-01T11:22:00Z,database,INFO,Handled 215 requests successfully.
2026-03-01T11:22:00Z,cache,INFO,Handled 157 requests successfully.
2026-03-01T11:23:00Z,frontend,WARN,Order placement returned partial failure.
2026-03-01T11:23:00Z,api_gateway,WARN,Order placement returned partial failure.
2026-03-01T11:23:00Z,order_service,ERROR,Checkout failed: Payment service returned HTTP 502 Bad Gateway.
2026-03-01T11:23:00Z,inventory_service,INFO,Handled 189 requests successfully.
2026-03-01T11:23:00Z,payment_service,FATAL,Payment Gateway SSL handshake failed: External payment provider unreachable.
2026-03-01T11:23:00Z,database,INFO,Handled 298 requests successfully.
2026-03-01T11:23:00Z,cache,INFO,Handled 201 requests successfully.
2026-03-01T11:24:00Z,frontend,WARN,Order placement returned partial failure.
2026-03-01T11:24:00Z,api_gateway,WARN,Order placement returned partial failure.
2026-03-01T11:24:00Z,order_service,ERROR,Checkout failed: Payment service returned HTTP 502 Bad Gateway.
2026-03-01T11:24:00Z,inventory_service,INFO,Handled 210 requests successfully.
2026-03-01T11:24:00Z,payment_service,FATAL,Payment Gateway SSL handshake failed: External payment provider unreachable.
2026-03-01T11:24:00Z,database,INFO,Handled 193 requests successfully.
2026-03-01T11:24:00Z,cache,INFO,Handled 167 requests successfully.
2026-03-01T11:25:00Z,frontend,WARN,Order placement returned partial failure.
2026-03-01T11:25:00Z,api_gateway,WARN,Order placement returned partial failure.
2026-03-01T11:25:00Z,order_service,ERROR,Checkout failed: Payment service returned HTTP 502 Bad Gateway.
2026-03-01T11:25:00Z,inventory_service,INFO,Handled 165 requests successfully.
2026-03-01T11:25:00Z,payment_service,FATAL,Payment Gateway SSL handshake failed: External payment provider unreachable.
2026-03-01T11:25:00Z,database,INFO,Handled 183 requests successfully.
2026-03-01T11:25:00Z,cache,INFO,Handled 273 requests successfully.
2026-03-01T11:26:00Z,frontend,WARN,Order placement returned partial failure.
2026-03-01T11:26:00Z,api_gateway,WARN,Order placement returned partial failure.
2026-03-01T11:26:00Z,order_service,ERROR,Checkout failed: Payment service returned HTTP 502 Bad Gateway.
2026-03-01T11:26:00Z,inventory_service,INFO,Handled 295 requests successfully.
2026-03-01T11:26:00Z,payment_service,FATAL,Payment Gateway SSL handshake failed: External payment provider unreachable.
2026-03-01T11:26:00Z,database,INFO,Handled 241 requests successfully.
2026-03-01T11:26:00Z,cache,INFO,Handled 251 requests successfully.
2026-03-01T11:27:00Z,frontend,WARN,Order placement returned partial failure.
2026-03-01T11:27:00Z,api_gateway,WARN,Order placement returned partial failure.
2026-03-01T11:27:00Z,order_service,ERROR,Checkout failed: Payment service returned HTTP 502 Bad Gateway.
2026-03-01T11:27:00Z,inventory_service,INFO,Handled 273 requests successfully.
2026-03-01T11:27:00Z,payment_service,FATAL,Payment Gateway SSL handshake failed: External payment provider unreachable.
2026-03-01T11:27:00Z,database,INFO,Handled 155 requests successfully.
2026-03-01T11:27:00Z,cache,INFO,Handled 259 requests successfully.
2026-03-01T11:28:00Z,frontend,WARN,Order placement returned partial failure.
2026-03-01T11:28:00Z,api_gateway,WARN,Order placement returned partial failure.
2026-03-01T11:28:00Z,order_service,ERROR,Checkout failed: Payment service returned HTTP 502 Bad Gateway.
2026-03-01T11:28:00Z,inventory_service,INFO,Handled 165 requests successfully.
2026-03-01T11:28:00Z,payment_service,FATAL,Payment Gateway SSL handshake failed: External payment provider unreachable.
2026-03-01T11:28:00Z,database,INFO,Handled 155 requests successfully.
2026-03-01T11:28:00Z,cache,INFO,Handled 268 requests successfully.
2026-03-01T11:29:00Z,frontend,WARN,Order placement returned partial failure.
2026-03-01T11:29:00Z,api_gateway,WARN,Order placement returned partial failure.
2026-03-01T11:29:00Z,order_service,ERROR,Checkout failed: Payment service returned HTTP 502 Bad Gateway.
2026-03-01T11:29:00Z,inventory_service,INFO,Handled 157 requests successfully.
2026-03-01T11:29:00Z,payment_service,FATAL,Payment Gateway SSL handshake failed: External payment provider unreachable.
2026-03-01T11:29:00Z,database,INFO,Handled 251 requests successfully.
2026-03-01T11:29:00Z,cache,INFO,Handled 246 requests successfully.
2026-03-01T11:30:00Z,frontend,WARN,Order placement returned partial failure.
2026-03-01T11:30:00Z,api_gateway,WARN,Order placement returned partial failure.
2026-03-01T11:30:00Z,order_service,ERROR,Checkout failed: Payment service returned HTTP 502 Bad Gateway.
2026-03-01T11:30:00Z,inventory_service,INFO,Handled 220 requests successfully.
2026-03-01T11:30:00Z,payment_service,FATAL,Payment Gateway SSL handshake failed: External payment provider unreachable.
2026-03-01T11:30:00Z,database,INFO,Handled 156 requests successfully.
2026-03-01T11:30:00Z,cache,INFO,Handled 187 requests successfully.
2026-03-01T11:31:00Z,frontend,WARN,Order placement returned partial failure.
2026-03-01T11:31:00Z,api_gateway,WARN,Order placement returned partial failure.
2026-03-01T11:31:00Z,order_service,ERROR,Checkout failed: Payment service returned HTTP 502 Bad Gateway.
2026-03-01T11:31:00Z,inventory_service,INFO,Handled 201 requests successfully.
2026-03-01T11:31:00Z,payment_service,FATAL,Payment Gateway SSL handshake failed: External payment provider unreachable.
2026-03-01T11:31:00Z,database,INFO,Handled 294 requests successfully.
2026-03-01T11:31:00Z,cache,INFO,Handled 160 requests successfully.
2026-03-01T11:32:00Z,frontend,WARN,Order placement returned partial failure.
2026-03-01T11:32:00Z,api_gateway,WARN,Order placement returned partial failure.
2026-03-01T11:32:00Z,order_service,ERROR,Checkout failed: Payment service returned HTTP 502 Bad Gateway.
2026-03-01T11:32:00Z,inventory_service,INFO,Handled 201 requests successfully.
2026-03-01T11:32:00Z,payment_service,FATAL,Payment Gateway SSL handshake failed: External payment provider unreachable.
2026-03-01T11:32:00Z,database,INFO,Handled 151 requests successfully.
2026-03-01T11:32:00Z,cache,INFO,Handled 162 requests successfully.
2026-03-01T11:33:00Z,frontend,INFO,Handled 164 requests successfully.
2026-03-01T11:33:00Z,api_gateway,INFO,Handled 229 requests successfully.
2026-03-01T11:33:00Z,order_service,INFO,Handled 195 requests successfully.
2026-03-01T11:33:00Z,inventory_service,INFO,Handled 244 requests successfully.
2026-03-01T11:33:00Z,payment_service,INFO,Handled 280 requests successfully.
2026-03-01T11:33:00Z,database,INFO,Handled 192 requests successfully.
2026-03-01T11:33:00Z,cache,INFO,Handled 294 requests successfully.
2026-03-01T11:34:00Z,frontend,INFO,Handled 158 requests successfully.
2026-03-01T11:34:00Z,api_gateway,INFO,Handled 273 requests successfully.
2026-03-01T11:34:00Z,order_service,INFO,Handled 242 requests successfully.
2026-03-01T11:34:00Z,inventory_service,INFO,Handled 246 requests successfully.
2026-03-01T11:34:00Z,payment_service,INFO,Handled 286 requests successfully.
2026-03-01T11:34:00Z,database,INFO,Handled 199 requests successfully.
2026-03-01T11:34:00Z,cache,INFO,Handled 290 requests successfully.
2026-03-01T11:35:00Z,frontend,INFO,Handled 159 requests successfully.
2026-03-01T11:35:00Z,api_gateway,INFO,Handled 217 requests successfully.
2026-03-01T11:35:00Z,order_service,INFO,Handled 208 requests successfully.
2026-03-01T11:35:00Z,inventory_service,INFO,Handled 291 requests successfully.
2026-03-01T11:35:00Z,payment_service,INFO,Handled 237 requests successfully.
2026-03-01T11:35:00Z,database,INFO,Handled 260 requests successfully.
2026-03-01T11:35:00Z,cache,INFO,Handled 236 requests successfully.
2026-03-01T11:36:00Z,frontend,INFO,Handled 286 requests successfully.
2026-03-01T11:36:00Z,api_gateway,INFO,Handled 239 requests successfully.
2026-03-01T11:36:00Z,order_service,INFO,Handled 162 requests successfully.
2026-03-01T11:36:00Z,inventory_service,INFO,Handled 291 requests successfully.
2026-03-01T11:36:00Z,payment_service,INFO,Handled 156 requests successfully.
2026-03-01T11:36:00Z,database,INFO,Handled 222 requests successfully.
2026-03-01T11:36:00Z,cache,INFO,Handled 272 requests successfully.
2026-03-01T11:37:00Z,frontend,INFO,Handled 158 requests successfully.
2026-03-01T11:37:00Z,api_gateway,INFO,Handled 157 requests successfully.
2026-03-01T11:37:00Z,order_service,INFO,Handled 233 requests successfully.
2026-03-01T11:37:00Z,inventory_service,INFO,Handled 293 requests successfully.
2026-03-01T11:37:00Z,payment_service,INFO,Handled 177 requests successfully.
2026-03-01T11:37:00Z,database,INFO,Handled 249 requests successfully.
2026-03-01T11:37:00Z,cache,INFO,Handled 208 requests successfully.
2026-03-01T11:38:00Z,frontend,INFO,Handled 275 requests successfully.
2026-03-01T11:38:00Z,api_gateway,INFO,Handled 234 requests successfully.
2026-03-01T11:38:00Z,order_service,INFO,Handled 156 requests successfully.
2026-03-01T11:38:00Z,inventory_service,INFO,Handled 276 requests successfully.
2026-03-01T11:38:00Z,payment_service,INFO,Handled 227 requests successfully.
2026-03-01T11:38:00Z,database,INFO,Handled 171 requests successfully.
2026-03-01T11:38:00Z,cache,INFO,Handled 246 requests successfully.
2026-03-01T11:39:00Z,frontend,INFO,Handled 176 requests successfully.
2026-03-01T11:39:00Z,api_gateway,INFO,Handled 208 requests successfully.
2026-03-01T11:39:00Z,order_service,INFO,Handled 232 requests successfully.
2026-03-01T11:39:00Z,inventory_service,INFO,Handled 267 requests successfully.
2026-03-01T11:39:00Z,payment_service,INFO,Handled 209 requests successfully.
2026-03-01T11:39:00Z,database,INFO,Handled 259 requests successfully.
2026-03-01T11:39:00Z,cache,INFO,Handled 158 requests successfully.
2026-03-01T11:40:00Z,frontend,INFO,Handled 227 requests successfully.
2026-03-01T11:40:00Z,api_gateway,INFO,Handled 173 requests successfully.
2026-03-01T11:40:00Z,order_service,INFO,Handled 203 requests successfully.
2026-03-01T11:40:00Z,inventory_service,INFO,Handled 236 requests successfully.
2026-03-01T11:40:00Z,payment_service,INFO,Handled 261 requests successfully.
2026-03-01T11:40:00Z,database,INFO,Handled 254 requests successfully.
2026-03-01T11:40:00Z,cache,INFO,Handled 169 requests successfully.
2026-03-01T11:41:00Z,frontend,INFO,Handled 150 requests successfully.
2026-03-01T11:41:00Z,api_gateway,INFO,Handled 291 requests successfully.
2026-03-01T11:41:00Z,order_service,INFO,Handled 211 requests successfully.
2026-03-01T11:41:00Z,inventory_service,INFO,Handled 236 requests successfully.
2026-03-01T11:41:00Z,payment_service,INFO,Handled 286 requests successfully.
2026-03-01T11:41:00Z,database,INFO,Handled 195 requests successfully.
2026-03-01T11:41:00Z,cache,INFO,Handled 163 requests successfully.
2026-03-01T11:42:00Z,frontend,INFO,Handled 271 requests successfully.
2026-03-01T11:42:00Z,api_gateway,INFO,Handled 153 requests successfully.
2026-03-01T11:42:00Z,order_service,INFO,Handled 251 requests successfully.
2026-03-01T11:42:00Z,inventory_service,INFO,Handled 157 requests successfully.
2026-03-01T11:42:00Z,payment_service,INFO,Handled 278 requests successfully.
2026-03-01T11:42:00Z,database,INFO,Handled 196 requests successfully.
2026-03-01T11:42:00Z,cache,INFO,Handled 195 requests successfully.
2026-03-01T11:43:00Z,frontend,INFO,Handled 169 requests successfully.
2026-03-01T11:43:00Z,api_gateway,INFO,Handled 196 requests successfully.
2026-03-01T11:43:00Z,order_service,INFO,Handled 190 requests successfully.
2026-03-01T11:43:00Z,inventory_service,INFO,Handled 284 requests successfully.
2026-03-01T11:43:00Z,payment_service,INFO,Handled 159 requests successfully.
2026-03-01T11:43:00Z,database,INFO,Handled 281 requests successfully.
2026-03-01T11:43:00Z,cache,INFO,Handled 253 requests successfully.
2026-03-01T11:44:00Z,frontend,INFO,Handled 226 requests successfully.
2026-03-01T11:44:00Z,api_gateway,INFO,Handled 292 requests successfully.
2026-03-01T11:44:00Z,order_service,INFO,Handled 196 requests successfully.
2026-03-01T11:44:00Z,inventory_service,INFO,Handled 187 requests successfully.
2026-03-01T11:44:00Z,payment_service,INFO,Handled 277 requests successfully.
2026-03-01T11:44:00Z,database,INFO,Handled 258 requests successfully.
2026-03-01T11:44:00Z,cache,INFO,Handled 256 requests successfully.
2026-03-01T11:45:00Z,frontend,INFO,Handled 281 requests successfully.
2026-03-01T11:45:00Z,api_gateway,INFO,Handled 294 requests successfully.
2026-03-01T11:45:00Z,order_service,INFO,Handled 194 requests successfully.
2026-03-01T11:45:00Z,inventory_service,INFO,Handled 296 requests successfully.
2026-03-01T11:45:00Z,payment_service,INFO,Handled 281 requests successfully.
2026-03-01T11:45:00Z,database,INFO,Handled 161 requests successfully.
2026-03-01T11:45:00Z,cache,INFO,Handled 179 requests successfully.
2026-03-01T11:46:00Z,frontend,INFO,Handled 262 requests successfully.
2026-03-01T11:46:00Z,api_gateway,INFO,Handled 288 requests successfully.
2026-03-01T11:46:00Z,order_service,INFO,Handled 150 requests successfully.
2026-03-01T11:46:00Z,inventory_service,INFO,Handled 160 requests successfully.
2026-03-01T11:46:00Z,payment_service,INFO,Handled 202 requests successfully.
2026-03-01T11:46:00Z,database,INFO,Handled 299 requests successfully.
2026-03-01T11:46:00Z,cache,INFO,Handled 270 requests successfully.
2026-03-01T11:47:00Z,frontend,INFO,Handled 279 requests successfully.
2026-03-01T11:47:00Z,api_gateway,INFO,Handled 298 requests successfully.
2026-03-01T11:47:00Z,order_service,INFO,Handled 164 requests successfully.
2026-03-01T11:47:00Z,inventory_service,INFO,Handled 272 requests successfully.
2026-03-01T11:47:00Z,payment_service,INFO,Handled 185 requests successfully.
2026-03-01T11:47:00Z,database,INFO,Handled 206 requests successfully.
2026-03-01T11:47:00Z,cache,INFO,Handled 293 requests successfully.
2026-03-01T11:48:00Z,frontend,INFO,Handled 267 requests successfully.
2026-03-01T11:48:00Z,api_gateway,INFO,Handled 178 requests successfully.
2026-03-01T11:48:00Z,order_service,INFO,Handled 278 requests successfully.
2026-03-01T11:48:00Z,inventory_service,INFO,Handled 290 requests successfully.
2026-03-01T11:48:00Z,payment_service,INFO,Handled 193 requests successfully.
2026-03-01T11:48:00Z,database,INFO,Handled 175 requests successfully.
2026-03-01T11:48:00Z,cache,INFO,Handled 173 requests successfully.
2026-03-01T11:49:00Z,frontend,INFO,Handled 191 requests successfully.
2026-03-01T11:49:00Z,api_gateway,INFO,Handled 208 requests successfully.
2026-03-01T11:49:00Z,order_service,INFO,Handled 207 requests successfully.
2026-03-01T11:49:00Z,inventory_service,INFO,Handled 290 requests successfully.
2026-03-01T11:49:00Z,payment_service,INFO,Handled 200 requests successfully.
2026-03-01T11:49:00Z,database,INFO,Handled 272 requests successfully.
2026-03-01T11:49:00Z,cache,INFO,Handled 246 requests successfully.
2026-03-01T11:50:00Z,frontend,INFO,Handled 220 requests successfully.
2026-03-01T11:50:00Z,api_gateway,INFO,Handled 252 requests successfully.
2026-03-01T11:50:00Z,order_service,INFO,Handled 186 requests successfully.
2026-03-01T11:50:00Z,inventory_service,INFO,Handled 286 requests successfully.
2026-03-01T11:50:00Z,payment_service,INFO,Handled 174 requests successfully.
2026-03-01T11:50:00Z,database,INFO,Handled 233 requests successfully.
2026-03-01T11:50:00Z,cache,INFO,Handled 205 requests successfully.
2026-03-01T11:51:00Z,frontend,INFO,Handled 282 requests successfully.
2026-03-01T11:51:00Z,api_gateway,INFO,Handled 287 requests successfully.
2026-03-01T11:51:00Z,order_service,INFO,Handled 202 requests successfully.
2026-03-01T11:51:00Z,inventory_service,INFO,Handled 215 requests successfully.
2026-03-01T11:51:00Z,payment_service,INFO,Handled 261 requests successfully.
2026-03-01T11:51:00Z,database,INFO,Handled 251 requests successfully.
2026-03-01T11:51:00Z,cache,INFO,Handled 262 requests successfully.
2026-03-01T11:52:00Z,frontend,INFO,Handled 182 requests successfully.
2026-03-01T11:52:00Z,api_gateway,INFO,Handled 284 requests successfully.
2026-03-01T11:52:00Z,order_service,INFO,Handled 180 requests successfully.
2026-03-01T11:52:00Z,inventory_service,INFO,Handled 275 requests successfully.
2026-03-01T11:52:00Z,payment_service,INFO,Handled 265 requests successfully.
2026-03-01T11:52:00Z,database,INFO,Handled 284 requests successfully.
2026-03-01T11:52:00Z,cache,INFO,Handled 221 requests successfully.
2026-03-01T11:53:00Z,frontend,INFO,Handled 277 requests successfully.
2026-03-01T11:53:00Z,api_gateway,INFO,Handled 245 requests successfully.
2026-03-01T11:53:00Z,order_service,INFO,Handled 278 requests successfully.
2026-03-01T11:53:00Z,inventory_service,INFO,Handled 229 requests successfully.
2026-03-01T11:53:00Z,payment_service,INFO,Handled 229 requests successfully.
2026-03-01T11:53:00Z,database,INFO,Handled 295 requests successfully.
2026-03-01T11:53:00Z,cache,INFO,Handled 250 requests successfully.
2026-03-01T11:54:00Z,frontend,INFO,Handled 227 requests successfully.
2026-03-01T11:54:00Z,api_gateway,INFO,Handled 248 requests successfully.
2026-03-01T11:54:00Z,order_service,INFO,Handled 288 requests successfully.
2026-03-01T11:54:00Z,inventory_service,INFO,Handled 200 requests successfully.
2026-03-01T11:54:00Z,payment_service,INFO,Handled 162 requests successfully.
2026-03-01T11:54:00Z,database,INFO,Handled 214 requests successfully.
2026-03-01T11:54:00Z,cache,INFO,Handled 225 requests successfully.
2026-03-01T11:55:00Z,frontend,INFO,Handled 157 requests successfully.
2026-03-01T11:55:00Z,api_gateway,INFO,Handled 189 requests successfully.
2026-03-01T11:55:00Z,order_service,INFO,Handled 199 requests successfully.
2026-03-01T11:55:00Z,inventory_service,INFO,Handled 294 requests successfully.
2026-03-01T11:55:00Z,payment_service,INFO,Handled 244 requests successfully.
2026-03-01T11:55:00Z,database,INFO,Handled 288 requests successfully.
2026-03-01T11:55:00Z,cache,INFO,Handled 187 requests successfully.
2026-03-01T11:56:00Z,frontend,INFO,Handled 152 requests successfully.
2026-03-01T11:56:00Z,api_gateway,INFO,Handled 289 requests successfully.
2026-03-01T11:56:00Z,order_service,INFO,Handled 281 requests successfully.
2026-03-01T11:56:00Z,inventory_service,INFO,Handled 180 requests successfully.
2026-03-01T11:56:00Z,payment_service,INFO,Handled 263 requests successfully.
2026-03-01T11:56:00Z,database,INFO,Handled 220 requests successfully.
2026-03-01T11:56:00Z,cache,INFO,Handled 265 requests successfully.
2026-03-01T11:57:00Z,frontend,INFO,Handled 272 requests successfully.
2026-03-01T11:57:00Z,api_gateway,INFO,Handled 274 requests successfully.
2026-03-01T11:57:00Z,order_service,INFO,Handled 204 requests successfully.
2026-03-01T11:57:00Z,inventory_service,INFO,Handled 289 requests successfully.
2026-03-01T11:57:00Z,payment_service,INFO,Handled 192 requests successfully.
2026-03-01T11:57:00Z,database,INFO,Handled 206 requests successfully.
2026-03-01T11:57:00Z,cache,INFO,Handled 182 requests successfully.
2026-03-01T11:58:00Z,frontend,INFO,Handled 261 requests successfully.
2026-03-01T11:58:00Z,api_gateway,INFO,Handled 203 requests successfully.
2026-03-01T11:58:00Z,order_service,INFO,Handled 239 requests successfully.
2026-03-01T11:58:00Z,inventory_service,INFO,Handled 151 requests successfully.
2026-03-01T11:58:00Z,payment_service,INFO,Handled 213 requests successfully.
2026-03-01T11:58:00Z,database,INFO,Handled 279 requests successfully.
2026-03-01T11:58:00Z,cache,INFO,Handled 162 requests successfully.
2026-03-01T11:59:00Z,frontend,INFO,Handled 281 requests successfully.
2026-03-01T11:59:00Z,api_gateway,INFO,Handled 226 requests successfully.
2026-03-01T11:59:00Z,order_service,INFO,Handled 169 requests successfully.
2026-03-01T11:59:00Z,inventory_service,INFO,Handled 199 requests successfully.
2026-03-01T11:59:00Z,payment_service,INFO,Handled 283 requests successfully.
2026-03-01T11:59:00Z,database,INFO,Handled 258 requests successfully.
2026-03-01T11:59:00Z,cache,INFO,Handled 170 requests successfully.
